fecha,valor,max_abs,min_abs,direccion,completo_mediciones,completo_umbral
2020/01/01,2.3535,3.8,0.7,304.71456,100.0,100.0
2020/01/02,0.716667,1.0,0.2,348.403099,100.0,100.0
2020/01/03,1.74,3.8,0.3,214.809164,96.2,95.8
2020/01/04,2.321918,3.6,0.3,306.006971,99.7,100.0
2020/01/05,3.403922,5.0,1.2,283.236187,97.6,95.8
2020/01/06,2.744615,5.1,0.6,280.284886,100.0,100.0
2020/01/07,2.839286,4.6,1.2,169.108287,100.0,100.0
2020/01/08,2.433333,5.3,0.4,168.020497,100.0,100.0
2020/01/09,4.644033,7.0,1.7,120.126349,100.0,100.0
2020/01/10,4.967883,6.5,3.2,117.362996,100.0,100.0
2020/01/11,5.07069,6.3,3.6,117.225056,100.0,100.0
2020/01/12,5.047368,6.7,3.5,116.186419,100.0,100.0
2020/01/13,4.297059,6.8,1.7,119.626744,100.0,100.0
2020/01/14,3.448901,5.5,2.1,120.743055,100.0,100.0
2020/01/15,3.671134,5.5,1.9,117.742105,100.0,100.0
2020/01/16,4.388785,6.0,2.9,116.828645,98.6,95.8
2020/01/17,5.282192,7.1,3.4,118.376479,100.0,100.0
2020/01/18,5.742857,8.2,4.1,106.976304,100.0,100.0
2020/01/19,4.621774,6.6,2.4,117.447825,100.0,100.0
2020/01/20,1.8,2.4,1.1,311.516941,100.0,100.0
2020/01/21,1.365455,2.5,0.4,94.483972,99.0,100.0
2020/01/22,2.350937,4.273,0.336,285.052038,100.0,100.0
2020/01/23,2.522475,4.0,0.586,280.957749,100.0,100.0
2020/01/24,2.327571,3.969,0.945,218.174323,100.0,100.0
2020/01/25,1.17575,1.828,0.297,130.944745,100.0,100.0
2020/01/26,1.156429,2.445,0.359,49.197556,100.0,100.0
2020/01/27,1.783537,4.359,0.117,92.07146,100.0,100.0
2020/01/28,3.139288,5.023,1.375,312.71267,95.8,95.8
2020/01/29,2.727068,4.125,1.078,283.150494,100.0,100.0
2020/01/30,0.219,0.266,0.172,209.5,100.0,100.0
2020/01/31,4.013917,6.367,1.953,105.202399,100.0,100.0
2020/02/01,3.0795,4.352,2.219,168.330339,100.0,100.0
2020/02/02,0.5,0.758,0.242,222.0,100.0,100.0
2020/02/03,3.447092,6.023,0.484,103.293626,100.0,100.0
2020/02/04,2.860734,4.859,0.695,125.462913,99.0,100.0
2020/02/05,2.593667,3.789,1.992,160.25,100.0,100.0
2020/02/06,2.857831,4.805,1.547,102.364253,100.0,100.0
2020/02/07,2.243,4.039,0.492,126.189648,100.0,100.0
2020/02/08,1.823658,3.094,0.258,307.603227,100.0,100.0
2020/02/09,1.355778,1.898,0.125,310.432244,100.0,100.0
2020/02/10,2.80333,4.742,1.055,104.132552,100.0,100.0
2020/02/11,2.766,2.766,2.766,158.0,100.0,100.0
2020/02/12,2.023,2.023,2.023,160.0,100.0,100.0
2020/02/13,3.820941,5.664,0.875,99.95231,100.0,100.0
2020/02/14,2.4455,2.672,2.219,167.0,100.0,100.0
2020/02/15,3.303,5.07,1.781,103.372743,100.0,100.0
2020/02/16,3.009863,4.516,1.625,119.434145,100.0,100.0
2020/02/17,4.013953,5.641,2.25,119.068354,100.0,100.0
2020/02/18,4.38572,6.617,1.5,119.737025,100.0,100.0
2020/02/19,1.5656,2.031,0.859,161.625065,100.0,100.0
2020/02/20,1.37875,2.789,0.789,225.18502,100.0,100.0
2020/02/21,1.659636,2.625,0.734,134.525054,99.3,100.0
2020/02/22,1.5765,2.609,0.539,131.397083,100.0,100.0
2020/02/23,2.075673,3.906,0.195,98.251734,100.0,100.0
2020/02/24,1.332185,1.852,0.32,46.162374,100.0,100.0
2020/02/25,1.186429,2.133,0.461,351.154723,100.0,100.0
2020/02/26,1.273957,2.07,0.133,48.540014,96.5,95.8
2020/02/27,1.610879,3.305,0.125,86.623293,100.0,100.0
2020/02/28,2.187444,4.234,0.68,169.713245,100.0,100.0
2020/02/29,1.76275,3.219,0.289,129.672278,100.0,100.0
2020/03/01,2.69885,4.195,1.336,165.880422,100.0,100.0
2020/03/02,1.959092,4.164,0.586,124.474473,100.0,100.0
2020/03/03,3.165932,5.641,0.109,100.557703,100.0,100.0
2020/03/04,2.41266,4.219,0.93,124.181254,100.0,100.0
2020/03/05,2.407107,4.812,1.445,168.739091,121.2,100.0
2020/03/06,1.894444,2.8,0.3,322.419012,100.0,100.0
2020/03/07,1.824,3.1,0.4,167.052056,100.0,100.0
2020/03/08,2.746429,5.6,0.5,97.373539,100.0,100.0
2020/03/09,1.969886,4.0,0.3,129.8851,100.0,100.0
2020/03/10,2.098936,3.4,1.0,99.503775,100.0,100.0
2020/03/11,2.065254,4.1,0.5,125.029694,100.0,100.0
2020/03/12,2.156757,4.4,0.2,98.565151,100.0,100.0
2020/03/13,2.165625,3.9,0.5,175.443369,100.0,100.0
2020/03/14,0.45,0.5,0.4,216.5,100.0,100.0
2020/03/15,0.2,0.4,0.1,216.914902,100.0,100.0
2020/03/16,1.910959,3.4,0.2,311.811243,100.0,100.0
2020/03/17,0.35,0.6,0.1,54.5,100.0,100.0
2020/03/18,2.1,3.1,0.3,280.414477,100.0,100.0
2020/03/19,2.568182,4.1,1.3,181.887245,100.0,100.0
2020/03/20,2.64,3.2,1.9,343.5,99.7,100.0
2020/03/21,2.8,2.8,2.8,355.0,100.0,100.0
2020/03/22,1.46,2.4,0.4,39.879138,100.0,100.0
2020/03/23,0.8,1.1,0.3,230.027991,100.0,100.0
2020/03/24,1.224324,2.3,0.4,55.018811,100.0,100.0
2020/03/25,0.38,0.6,0.2,261.416648,100.0,100.0
2020/03/26,1.644444,4.3,0.3,173.354083,100.0,100.0
2020/03/27,1.570968,3.0,0.7,314.28852,100.0,100.0
2020/03/28,0.471429,0.8,0.2,276.599586,100.0,100.0
2020/03/29,2.567742,4.1,1.6,167.639438,100.0,100.0
2020/03/30,4.779787,8.1,1.5,102.132716,100.0,100.0
2020/03/31,2.491061,5.1,0.7,124.083984,100.0,100.0
2020/04/01,1.264,2.2,0.3,168.759215,100.0,100.0
2020/04/02,0.3,0.4,0.2,232.745868,100.0,100.0
2020/04/03,4.840385,6.6,2.4,101.767187,100.0,100.0
2020/04/04,3.808889,5.6,1.0,104.845922,100.0,100.0
2020/04/05,1.9,2.0,1.8,165.0,100.0,100.0
2020/04/06,4.039773,6.1,2.0,105.935964,100.0,100.0
2020/04/07,4.257377,7.0,1.2,103.814183,100.0,100.0
2020/04/08,4.146939,5.7,1.2,121.318196,100.0,100.0
2020/04/09,4.049383,6.7,2.1,103.664505,100.0,100.0
2020/04/10,2.168462,4.2,1.0,126.21685,100.0,100.0
2020/04/11,0.775,1.0,0.6,52.859825,100.0,100.0
2020/04/12,1.690909,3.7,0.8,164.720225,100.0,100.0
2020/04/13,1.59375,3.7,0.1,314.014378,100.0,100.0
2020/04/14,2.6,2.6,2.6,247.0,100.0,100.0
2020/04/15,2.992308,4.6,1.9,350.025728,100.0,100.0
2020/04/16,1.411111,2.4,0.9,55.633851,100.0,100.0
2020/04/17,2.338265,4.1,1.0,97.949942,98.6,95.8
2020/04/18,2.089412,3.7,0.6,123.495105,100.0,100.0
2020/04/19,2.825455,5.6,0.9,171.419076,100.0,100.0
2020/04/20,2.804,4.7,0.4,170.492343,100.0,100.0
2020/04/21,1.552632,3.0,0.5,358.39524,100.0,100.0
2020/04/22,2.386822,4.1,0.5,91.263093,100.0,100.0
2020/04/23,2.255102,4.8,0.8,98.236609,100.0,100.0
2020/04/24,1.832632,3.7,0.5,95.1821,100.0,100.0
2020/04/25,0.4,0.4,0.4,212.0,100.0,100.0
2020/04/26,2.758333,4.8,0.6,169.400638,100.0,100.0
2020/04/27,3.608943,5.3,1.6,118.788332,100.0,100.0
2020/04/28,1.457143,2.4,0.9,162.592858,100.0,100.0
2020/04/29,1.510227,3.6,0.5,126.407452,100.0,100.0
2020/04/30,2.038938,3.8,0.6,126.058039,100.0,100.0
2020/05/01,3.826563,5.9,2.0,99.034806,100.0,100.0
2020/05/02,3.483562,5.5,1.2,100.162742,100.0,100.0
2020/05/03,2.763393,4.1,0.9,104.23768,100.0,100.0
2020/05/04,2.553623,4.6,0.9,99.268249,100.0,100.0
2020/05/05,1.52,3.4,1.0,169.476148,100.0,100.0
2020/05/06,3.306723,5.8,1.1,119.723253,100.0,100.0
2020/05/07,4.47234,6.8,2.7,120.54138,100.0,100.0
2020/05/08,5.017436,7.2,1.8,102.787836,100.0,100.0
2020/05/09,4.542331,7.3,2.8,118.591252,100.0,100.0
2020/05/10,1.6625,2.6,1.3,62.714385,100.0,100.0
2020/05/11,1.605263,2.3,0.3,352.104039,100.0,100.0
2020/05/12,2.477305,3.9,1.3,310.615366,100.0,100.0
2020/05/13,1.746753,3.5,0.8,310.998452,97.6,95.8
2020/05/14,2.05443,4.0,0.3,175.620104,100.0,100.0
2020/05/15,3.088356,5.5,1.4,102.472623,100.0,100.0
2020/05/16,5.701563,7.8,2.8,105.83165,100.0,100.0
2020/05/17,4.809184,7.1,2.9,106.665058,100.0,100.0
2020/05/18,2.250926,5.0,1.0,125.572654,100.0,100.0
2020/05/19,3.620814,5.8,1.6,100.301716,100.0,100.0
2020/05/20,3.598734,6.0,1.4,118.991755,100.0,100.0
2020/05/21,4.674405,6.5,2.3,104.995513,100.0,100.0
2020/05/22,2.825,3.1,2.6,161.750386,100.0,100.0
2020/05/23,4.348958,6.9,2.6,120.051821,100.0,100.0
2020/05/24,5.204202,7.4,3.6,106.800389,100.0,100.0
2020/05/25,5.0875,8.0,3.2,117.640916,100.0,100.0
2020/05/26,5.857143,7.2,4.9,115.874638,100.0,100.0
2020/05/27,4.797917,8.3,0.9,97.592098,100.0,100.0
2020/05/28,0.4,0.4,0.4,271.0,100.0,100.0
2020/05/29,0.25,0.4,0.1,268.0,100.0,100.0
2020/05/30,0.527273,1.3,0.1,355.095826,100.0,100.0
2020/05/31,2.080769,3.6,0.7,99.631615,100.0,100.0
2020/06/01,3.0,5.3,0.0,102.738425,100.0,100.0
2020/06/02,1.891176,3.2,0.6,312.261288,100.0,100.0
2020/06/03,1.824,2.9,0.4,317.141082,99.3,100.0
2020/06/04,2.824528,4.3,1.3,106.621268,100.0,100.0
2020/06/05,2.825,3.7,1.2,167.856478,100.0,100.0
2020/06/06,3.975817,6.3,1.6,103.459253,100.0,100.0
2020/06/07,3.269403,6.3,0.9,122.815989,100.0,100.0
2020/06/08,2.663846,4.2,1.1,120.783126,100.0,100.0
2020/06/09,2.81,4.0,1.8,122.34867,100.0,100.0
2020/06/10,2.551337,6.0,0.3,89.84233,99.0,100.0
2020/06/11,1.614754,3.7,0.4,57.794948,100.0,100.0
2020/06/12,2.025,3.0,0.7,86.868406,100.0,100.0
2020/06/14,2.92451,4.9,1.5,124.367974,100.0,100.0
2020/06/15,3.4,3.9,2.9,161.5,100.0,100.0
2020/06/16,3.244643,5.5,1.7,120.722865,100.0,100.0
2020/06/17,1.15,1.9,0.2,359.155341,99.3,100.0
2020/06/18,2.564251,4.9,0.7,96.011176,100.0,100.0
2020/06/19,2.7125,5.0,0.3,166.400915,100.0,100.0
2020/06/20,4.65034,6.9,2.1,103.83261,100.0,100.0
2020/06/21,3.385714,4.2,3.1,165.332335,100.0,100.0
2020/06/22,5.209524,8.1,2.3,103.682637,100.0,100.0
2020/06/23,3.149673,5.9,0.5,123.704543,100.0,100.0
2020/06/24,1.5,1.6,1.4,59.5,100.0,100.0
2020/06/25,3.344444,5.5,0.9,123.401852,99.3,100.0
2020/06/26,4.324096,6.6,1.2,105.122253,100.0,100.0
2020/06/27,2.206667,2.8,1.7,167.172363,100.0,100.0
2020/06/28,2.94,3.2,2.7,166.663435,100.0,100.0
2020/06/29,3.2,3.2,3.2,163.0,100.0,100.0
2020/06/30,3.521769,5.8,1.6,102.257642,100.0,100.0
2020/07/01,2.557246,5.0,0.9,123.998856,100.0,100.0
2020/07/02,2.493605,3.8,0.8,124.302472,100.0,100.0
2020/07/03,2.65625,3.9,1.7,167.061055,100.0,100.0
2020/07/04,2.857143,3.5,2.0,162.734554,100.0,100.0
2020/07/05,1.737383,3.9,0.2,96.050297,99.3,100.0
2020/07/06,2.159375,4.0,0.4,169.934823,98.6,95.8
2020/07/07,1.388889,1.9,0.7,161.583384,100.0,100.0
2020/07/08,2.064957,4.3,0.2,95.246265,99.7,100.0
2020/07/09,2.366667,2.9,1.9,163.333228,97.9,95.8
2020/07/10,3.34537,5.1,1.1,104.132832,100.0,100.0
2020/07/11,2.646875,4.4,1.1,97.893137,100.0,100.0
2020/07/12,2.267857,3.6,1.4,164.421201,100.0,100.0
2020/07/13,3.172571,5.5,1.2,125.35292,99.7,100.0
2020/07/14,1.7,1.7,1.7,169.0,100.0,100.0
2020/07/15,2.856098,4.7,1.1,122.417046,100.0,100.0
2020/07/16,3.51,4.4,2.2,162.999664,100.0,100.0
2020/07/17,2.6375,4.5,1.2,126.850372,99.7,100.0
2020/07/18,2.21,4.0,1.2,166.496301,95.5,95.8
2020/07/19,5.221547,8.3,2.4,103.465369,100.0,100.0
2020/07/20,3.8375,6.0,1.9,121.270714,100.0,100.0
2020/07/21,0.885714,2.3,0.3,173.064422,100.0,100.0
2020/07/22,1.98,3.2,0.2,178.307018,100.0,100.0
2020/07/23,1.272727,2.9,0.3,58.125479,100.0,100.0
2020/07/24,0.5,0.5,0.5,232.0,100.0,100.0
2020/07/25,3.333333,3.7,3.0,168.335262,100.0,100.0
2020/07/26,4.609664,6.8,1.6,100.899725,100.0,100.0
2020/07/27,2.907143,4.5,1.3,165.82123,100.0,100.0
2020/07/28,3.22,6.4,0.5,124.46879,100.0,100.0
2020/07/29,2.848485,5.9,1.3,123.232976,100.0,100.0
2020/07/30,3.331548,5.2,1.5,98.28616,100.0,100.0
2020/07/31,2.85045,5.4,1.1,124.411462,100.0,100.0
2020/08/01,5.158744,7.0,2.8,99.712893,100.0,100.0
2020/08/02,3.349425,5.8,1.0,122.773442,100.0,100.0
2020/08/04,4.393133,7.3,0.9,100.059369,100.0,100.0
2020/08/05,4.905128,7.2,3.2,117.31038,100.0,100.0
2020/08/06,5.5,7.2,3.4,116.619142,100.0,100.0
2020/08/07,5.197959,6.8,3.4,107.741028,100.0,100.0
2020/08/08,4.7152,7.0,2.6,104.672822,100.0,100.0
2020/08/09,4.04949,6.2,2.4,119.267503,100.0,100.0
2020/08/10,3.716575,6.7,1.3,121.121754,100.0,100.0
2020/08/11,3.146358,5.8,1.3,99.62494,100.0,100.0
2020/08/12,3.191176,5.5,1.1,103.11819,100.0,100.0
2020/08/13,3.114851,5.2,1.2,103.366475,100.0,100.0
2020/08/14,1.3,2.5,0.6,349.869643,100.0,100.0
2020/08/15,3.640278,5.6,2.1,119.297347,100.0,100.0
2020/08/16,1.8,1.9,1.7,160.0,100.0,100.0
2020/08/17,2.728409,5.3,0.4,93.148202,99.0,100.0
2020/08/18,1.0375,2.1,0.0,235.306826,100.0,100.0
2020/08/19,2.790385,4.6,0.4,314.07536,99.0,100.0
2020/08/20,1.681203,3.7,0.5,131.561616,95.5,91.7
2020/08/21,2.194928,4.5,0.3,127.81568,86.1,83.3
2020/08/22,1.828571,3.2,0.1,168.098802,100.0,100.0
2020/08/23,2.441071,4.2,1.3,125.400758,100.0,100.0
2020/08/24,2.942793,5.6,1.3,92.177597,100.0,100.0
2020/08/25,2.407692,4.1,1.0,123.790484,100.0,100.0
2020/08/26,3.515038,5.2,1.5,121.1043,100.0,100.0
2020/08/27,2.917486,5.4,1.0,125.112639,100.0,100.0
2020/08/28,2.352356,4.1,0.7,128.185026,100.0,100.0
2020/08/29,2.454945,4.6,0.6,94.941427,98.3,95.8
2020/08/30,1.896154,3.7,0.1,124.582838,100.0,100.0
2020/08/31,1.863158,2.3,1.1,55.518631,97.9,95.8
2020/09/01,2.4875,3.9,1.2,126.322,100.0,100.0
2020/09/02,1.3,1.3,1.3,164.0,100.0,100.0
2020/09/03,3.3,3.6,3.0,168.5,100.0,100.0
2020/09/04,3.562319,5.3,1.5,121.209686,100.0,100.0
2020/09/05,3.866667,7.1,1.3,123.009451,100.0,100.0
2020/09/06,1.0,1.0,1.0,63.0,100.0,100.0
2020/09/07,3.307692,5.1,1.6,100.892828,100.0,100.0
2020/09/08,2.316667,3.9,0.6,180.608314,99.3,100.0
2020/09/11,3.478824,5.6,1.4,101.107222,100.0,100.0
2020/09/12,3.864593,5.7,1.9,101.413365,99.7,100.0
2020/09/13,3.32963,6.0,1.1,119.87155,100.0,100.0
2020/09/14,5.71875,8.3,3.8,116.829461,100.0,100.0
2020/09/15,3.703261,7.5,0.5,103.091083,100.0,100.0
2020/09/16,1.415385,2.1,0.3,359.622005,100.0,100.0
2020/09/17,1.81875,2.7,0.6,0.858987,100.0,100.0
2020/09/18,0.826087,2.9,0.1,50.509785,96.2,95.8
2020/09/19,1.933333,2.0,1.9,311.347292,100.0,100.0
2020/09/20,3.645673,6.2,1.2,100.228776,99.7,100.0
2020/09/21,3.348,5.5,1.6,118.617952,100.0,100.0
2020/09/22,1.488889,2.3,0.9,168.40123,100.0,100.0
2020/09/23,1.85,3.1,1.1,163.898193,100.0,100.0
2020/09/24,3.368293,7.0,1.7,121.226795,100.0,100.0
2020/09/25,4.082895,6.5,2.4,120.072869,100.0,100.0
2020/09/26,3.583333,4.0,2.9,170.40007,100.0,100.0
2020/09/27,1.35,2.3,0.3,54.783405,100.0,100.0
2020/09/29,2.625,5.5,1.5,121.486893,100.0,100.0
2020/09/30,3.883333,5.8,1.7,102.794501,100.0,100.0
2020/10/01,3.509836,5.0,2.5,108.534343,100.0,100.0
2020/10/02,3.416296,5.4,1.7,120.127277,100.0,100.0
2020/10/03,2.725,3.1,2.2,165.750786,100.0,100.0
2020/10/04,3.031696,5.6,1.0,97.248691,100.0,100.0
2020/10/05,4.498008,6.8,2.6,99.527057,100.0,100.0
2020/10/06,3.0,3.0,3.0,169.0,100.0,100.0
2020/10/07,3.936744,7.5,0.7,98.850272,94.8,95.8
2020/10/09,3.71087,5.0,1.8,118.317252,100.0,100.0
2020/10/10,5.08,7.7,2.7,102.835501,99.7,100.0
2020/10/11,3.631206,5.8,2.2,121.500281,100.0,100.0
2020/10/12,4.561373,7.4,1.6,99.382854,100.0,100.0
2020/10/13,2.402985,6.1,0.7,126.027099,100.0,100.0
2020/10/14,2.501512,5.164,0.828,122.424556,100.0,100.0
2020/10/15,2.225184,4.453,0.43,127.174625,100.0,100.0
2020/10/16,4.357868,7.047,1.734,102.023389,100.0,100.0
2020/10/17,3.423616,6.023,1.172,119.223732,100.0,100.0
2020/10/18,0.7546,1.32,0.203,214.095066,100.0,100.0
2020/10/19,1.70395,2.703,0.469,359.554467,95.8,91.7
2020/10/20,1.207857,2.141,0.469,54.979555,100.0,100.0
2020/10/21,3.365252,6.086,1.656,120.4552,100.0,100.0
2020/10/22,4.526788,7.383,2.508,105.619685,100.0,100.0
2020/10/23,3.232561,6.023,1.234,119.273848,100.0,100.0
2020/10/25,2.481886,5.047,0.227,85.668354,100.0,100.0
2020/10/26,1.799182,3.57,0.258,132.808143,100.0,100.0
2020/10/27,1.09175,1.711,0.469,135.970636,100.0,100.0
2020/10/28,2.783165,4.883,0.406,310.803507,100.0,100.0
2020/10/29,0.633,0.633,0.633,149.0,98.6,95.8
2020/10/30,0.258,0.258,0.258,57.0,96.2,95.8
2020/10/31,2.6015,4.312,0.227,184.90034,95.1,91.7
2020/11/01,2.519725,4.438,0.984,281.735163,96.9,95.8
2020/11/03,2.653273,3.914,0.391,280.676095,97.9,95.8
2020/11/04,1.248,2.031,0.352,48.563692,98.3,100.0
2020/11/05,1.218,2.281,0.383,49.158335,99.0,100.0
2020/11/06,1.71275,3.438,0.422,127.548189,100.0,100.0
2020/11/07,2.1425,2.805,1.086,170.658198,100.0,100.0
2020/11/08,2.849744,4.766,0.93,118.955431,100.0,100.0
2020/11/09,2.910875,5.07,1.133,90.44138,100.0,100.0
2020/11/10,2.114375,3.344,1.266,176.593597,100.0,100.0
2020/11/11,2.9187,4.719,0.484,173.075005,97.9,95.8
2020/11/12,1.596205,2.898,0.039,180.953772,97.6,95.8
2020/11/13,1.5596,3.336,0.133,83.813547,99.0,100.0
2020/11/14,1.5864,3.492,0.344,234.650158,100.0,100.0
2020/11/15,2.306756,3.969,0.172,180.656097,100.0,100.0
2020/11/16,1.105056,2.781,0.289,51.884891,97.9,95.8
2020/11/17,2.147459,3.25,1.047,277.972275,100.0,100.0
2020/11/18,1.024,2.438,0.156,49.474473,100.0,100.0
2020/11/19,0.90225,1.953,0.281,224.313127,100.0,100.0
2020/11/20,1.059083,2.031,0.289,218.312473,100.0,100.0
2020/11/21,1.783543,3.688,0.391,175.107507,100.0,100.0
2020/11/22,1.1995,2.094,0.305,320.0,100.0,100.0
2020/11/23,2.494072,4.281,1.32,122.559166,100.0,100.0
2020/11/25,0.469,0.469,0.469,252.0,100.0,100.0
2020/11/26,0.3865,0.398,0.375,233.5,100.0,100.0
2020/11/27,2.3578,2.547,2.219,339.874936,100.0,100.0
2020/11/28,2.014467,4.109,0.141,176.66152,100.0,100.0
2020/11/29,1.989324,3.438,0.633,94.389222,100.0,100.0
2020/11/30,2.429,3.695,1.148,163.231313,100.0,100.0
2020/12/01,1.152,1.406,0.898,59.5,100.0,100.0
2020/12/02,1.9502,2.5,1.211,349.772499,100.0,100.0
2020/12/03,0.649615,2.211,0.094,223.047288,100.0,100.0
2020/12/04,1.962463,3.953,0.344,129.210814,100.0,100.0
2020/12/05,2.3125,3.477,1.109,164.569231,100.0,100.0
2020/12/06,2.194353,3.0,0.906,167.418334,100.0,100.0
2020/12/07,2.292,4.18,1.477,166.750081,100.0,100.0
2020/12/08,1.747728,3.898,0.484,134.471916,100.0,100.0
2020/12/09,0.497333,0.672,0.312,276.292759,100.0,100.0
2020/12/10,2.196828,4.055,0.406,355.284605,100.0,100.0
2020/12/11,1.669811,2.664,0.648,310.418262,100.0,100.0
2020/12/12,0.188,0.188,0.188,252.0,100.0,100.0
2020/12/13,2.259179,3.336,0.539,167.757233,100.0,100.0
2020/12/14,0.0,0.0,0.0,360.0,100.0,100.0
2020/12/15,0.4415,0.508,0.375,10.5,100.0,100.0
2020/12/16,0.0,0.0,0.0,360.0,100.0,100.0
2020/12/18,0.0,0.0,0.0,360.0,100.0,100.0
2020/12/19,1.1095,1.992,0.227,212.5,100.0,100.0
2020/12/20,1.230963,1.961,0.195,46.997748,100.0,100.0
2020/12/21,2.401143,4.156,0.906,100.113498,100.0,100.0
2020/12/22,1.966271,3.594,0.547,100.899984,100.0,100.0
2020/12/23,1.706738,5.25,0.539,97.744931,100.0,100.0
2020/12/24,1.755412,3.227,0.453,92.935572,100.0,100.0
2020/12/25,1.3945,1.562,1.227,230.5,100.0,100.0
2020/12/26,3.790847,6.008,1.5,282.750153,100.0,100.0
2020/12/27,3.118636,4.844,1.414,308.788204,100.0,100.0
2020/12/28,1.776588,2.883,0.609,185.439053,100.0,100.0
2020/12/29,0.5932,1.461,0.156,318.476865,100.0,100.0
2020/12/30,0.3435,0.633,0.023,240.175684,100.0,100.0
2020/12/31,0.971778,1.57,0.383,49.585545,100.0,100.0
2021/01/01,0.383,0.383,0.383,268.0,100.0,100.0
2021/01/02,2.131815,4.859,0.539,170.528662,100.0,100.0
2021/01/03,2.09,3.867,0.562,172.031181,100.0,100.0
2021/01/04,2.69805,3.578,1.711,344.900269,100.0,100.0
2021/01/05,1.468667,3.0,0.461,238.719592,100.0,100.0
2021/01/06,0.197667,0.398,0.086,55.749935,100.0,100.0
2021/01/07,0.5562,0.992,0.172,39.37381,100.0,100.0
2021/01/08,2.234181,3.453,0.883,98.067936,100.0,100.0
2021/01/09,3.0348,3.953,1.625,165.850057,100.0,100.0
2021/01/10,2.429188,4.5,0.977,163.953906,100.0,100.0
2021/01/11,2.410454,5.023,1.219,123.247679,100.0,100.0
2021/01/12,2.265772,4.008,0.5,127.35869,100.0,100.0
2021/01/13,0.0,0.0,0.0,360.0,100.0,100.0
2021/01/14,2.126214,3.578,1.188,163.756335,100.0,100.0
2021/01/15,1.615129,3.195,0.516,133.0485,100.0,100.0
2021/01/16,1.549,3.078,0.0,1.853684,100.0,100.0
2021/01/17,1.709242,3.297,0.523,129.106987,100.0,100.0
2021/01/18,0.258,0.258,0.258,208.0,100.0,100.0
2021/01/19,1.923743,3.156,0.523,130.324542,100.0,100.0
2021/01/20,2.321169,4.492,0.445,127.240265,100.0,100.0
2021/01/21,2.227464,4.5,0.172,95.558678,99.7,100.0
2021/01/22,2.816719,5.023,0.734,99.664696,100.0,100.0
2021/01/23,2.16464,3.727,1.156,164.577607,100.0,100.0
2021/01/24,2.51237,3.656,1.5,167.477604,100.0,100.0
2021/01/25,2.590349,3.508,1.516,105.980062,100.0,100.0
2021/01/26,2.774,4.148,1.711,165.749562,100.0,100.0
2021/01/27,2.560364,3.625,0.688,167.299703,100.0,100.0
2021/01/29,1.975221,4.4,0.6,95.903903,98.6,100.0
2021/01/30,1.14,1.9,0.7,164.37626,94.1,91.7
2021/01/31,4.506452,6.4,3.0,107.014505,100.0,100.0
2021/02/02,3.305806,5.5,1.3,123.005368,100.0,100.0
2021/02/03,3.349533,5.3,1.5,103.699147,100.0,100.0
2021/02/04,3.604895,5.4,0.9,102.042677,100.0,100.0
2021/02/05,0.8,1.2,0.2,8.372865,100.0,100.0
2021/02/06,2.823039,4.2,1.3,127.601852,100.0,100.0
2021/02/07,2.995,4.2,1.4,171.307279,100.0,100.0
2021/02/08,0.9,0.9,0.9,278.0,100.0,100.0
2021/02/09,0.7,1.0,0.5,220.5479,100.0,100.0
2021/02/10,0.833333,1.2,0.3,50.303358,100.0,100.0
2021/02/11,2.063636,4.4,0.5,228.665177,100.0,100.0
2021/02/13,0.35,0.4,0.3,218.0,100.0,100.0
2021/02/14,0.85,2.1,0.3,55.674166,99.0,100.0
2021/02/15,1.454545,2.3,0.2,131.643167,100.0,100.0
2021/02/16,1.87,3.1,0.9,230.828998,99.0,100.0
2021/02/17,1.85,2.2,1.5,242.5,98.3,100.0
2021/02/18,1.771429,3.8,0.3,280.418045,100.0,100.0
2021/02/19,1.3,2.6,0.1,308.703949,100.0,100.0
2021/02/20,1.765152,4.1,0.5,280.467856,96.5,95.8
2021/02/21,1.771591,3.1,0.4,306.439456,99.7,100.0
2021/02/22,1.746602,3.8,0.2,95.608955,95.8,91.7
2021/02/24,5.720359,7.1,3.8,106.04269,100.0,100.0
2021/02/25,4.151515,6.9,1.2,120.739263,100.0,100.0
2021/02/26,3.198276,6.2,1.2,100.209004,100.0,100.0
2021/02/27,1.8,1.8,1.8,66.0,100.0,100.0
2021/02/28,0.4,0.4,0.4,256.0,74.7,70.8
2021/03/01,1.1,1.1,1.1,81.0,98.3,95.8
2021/03/02,2.933333,3.9,2.4,347.424777,100.0,100.0
2021/03/03,1.630337,3.2,0.2,280.124436,100.0,100.0
2021/03/04,1.1,2.4,0.2,50.48148,96.9,95.8
2021/03/05,1.182609,2.1,0.1,55.356043,100.0,100.0
2021/03/06,1.942857,3.4,0.6,170.552663,99.3,100.0
2021/03/07,2.888043,5.0,0.9,123.380366,100.0,100.0
2021/03/08,0.963636,1.7,0.3,356.283535,92.7,95.8
2021/03/09,1.733333,2.2,1.1,219.597889,97.9,100.0
2021/03/10,1.689189,3.6,0.3,184.014932,100.0,100.0
2021/03/11,2.440206,4.0,0.9,307.029405,94.4,95.8
2021/03/12,2.246154,4.9,0.7,184.152002,98.3,95.8
2021/03/13,2.096364,3.6,0.6,308.153101,100.0,100.0
2021/03/14,0.829412,2.2,0.2,139.13494,100.0,100.0
2021/03/15,1.288095,1.9,0.2,90.3716,100.0,100.0
2021/03/16,1.723158,2.9,0.3,304.085889,99.7,100.0
2021/03/17,1.408696,3.2,0.1,88.783045,81.9,79.2
2021/03/18,1.188889,2.7,0.3,141.561387,97.2,95.8
2021/03/19,1.566667,2.8,0.2,277.273566,93.7,91.7
2021/03/20,3.001887,4.9,1.1,307.204699,100.0,100.0
2021/03/21,1.44,2.8,0.2,86.676182,97.2,91.7
2021/03/22,1.106667,2.1,0.1,91.44323,100.0,100.0
2021/03/23,1.115,2.7,0.0,227.186,100.0,100.0
2021/03/24,1.677143,2.9,0.2,131.2784,81.3,75.0
2021/03/25,1.260976,3.1,0.0,52.992461,100.0,100.0
2021/03/26,1.025,1.9,0.5,215.68108,97.6,95.8
2021/03/27,1.15,1.6,0.4,308.7505,99.7,100.0
2021/03/28,2.623256,5.5,0.9,121.771116,100.0,100.0
2021/03/31,4.297949,6.1,1.6,121.220732,100.0,100.0
2021/04/01,2.476027,4.5,1.0,125.703327,98.3,95.8
2021/04/02,2.645055,4.4,1.0,100.639791,97.2,95.8
2021/04/03,2.14,2.8,1.4,163.66516,99.3,100.0
2021/04/05,2.655102,4.9,0.5,101.168145,99.7,100.0
2021/04/06,3.146667,4.3,2.2,166.032566,100.0,100.0
2021/04/07,3.066667,3.3,2.9,162.99939,98.3,95.8
2021/04/08,2.1,3.1,0.3,167.874509,100.0,100.0
2021/04/09,3.15,3.7,2.3,166.166734,97.6,95.8
2021/04/10,2.866474,4.5,0.9,101.137672,100.0,100.0
2021/04/11,3.0625,5.1,1.3,121.405304,100.0,100.0
2021/04/12,3.030827,4.8,1.2,124.058482,95.8,91.7
2021/04/13,5.012042,7.2,3.0,103.279093,100.0,100.0
2021/04/14,1.42,2.0,1.2,166.0,100.0,100.0
2021/04/15,2.971875,5.0,1.0,123.906685,96.2,95.8
2021/04/16,2.835333,5.1,0.9,101.617925,100.0,100.0
2021/04/17,2.221622,5.4,1.0,125.873768,99.3,100.0
2021/04/18,1.269231,2.6,0.4,172.0056,99.3,100.0
2021/04/19,0.925,1.5,0.4,50.845922,90.6,87.5
2021/04/20,1.583333,4.0,0.2,63.500617,100.0,100.0
2021/04/21,1.51,3.4,0.1,220.483798,100.0,100.0
2021/04/22,1.517647,3.7,0.5,59.76813,100.0,100.0
2021/04/23,1.691667,3.7,0.9,131.064089,95.1,95.8
2021/04/24,1.133333,2.2,0.1,55.398111,100.0,100.0
2021/04/25,1.904124,3.8,0.4,89.125106,97.6,95.8
2021/04/26,1.726804,3.0,0.0,128.136277,99.3,100.0
2021/04/27,1.828986,3.6,0.4,312.73906,100.0,100.0
2021/04/28,1.166667,2.2,0.2,229.707045,100.0,100.0
2021/04/29,1.788571,4.4,0.4,92.413221,100.0,100.0
2021/05/01,0.92,2.9,0.1,262.659096,100.0,100.0
2021/05/02,2.469173,4.3,0.3,309.838255,100.0,100.0
2021/05/03,1.967925,3.1,0.4,281.545878,90.3,87.5
2021/05/04,1.25,2.8,0.3,48.562314,98.3,95.8
2021/05/05,1.131111,2.6,0.2,55.446736,100.0,100.0
2021/05/06,1.777273,3.6,0.0,350.248769,100.0,100.0
2021/05/07,2.356667,4.7,0.3,172.995048,90.3,87.5
2021/05/08,2.776087,4.6,0.8,97.758968,100.0,100.0
2021/05/09,3.739841,5.9,1.5,99.391646,100.0,100.0
2021/05/10,5.693633,8.8,3.3,100.017665,100.0,100.0
2021/05/11,5.131915,7.1,2.7,117.609606,100.0,100.0
2021/05/12,4.85,7.7,1.7,100.853294,100.0,100.0
2021/05/13,3.217045,5.6,1.1,121.404821,100.0,100.0
2021/05/14,2.600741,4.7,1.1,122.867704,100.0,100.0
2021/05/15,2.695031,4.4,1.0,123.421004,100.0,100.0
2021/05/16,2.469231,4.8,0.6,100.109288,100.0,100.0
2021/05/17,2.0,2.8,1.3,170.019852,100.0,100.0
2021/05/18,3.270909,5.4,1.0,101.733984,98.6,95.8
2021/05/19,3.023902,5.3,1.4,100.166685,98.3,100.0
2021/05/20,3.203743,5.2,1.4,100.603779,100.0,100.0
2021/05/21,3.276923,5.6,1.1,104.505886,100.0,100.0
2021/05/22,4.116418,6.2,0.7,107.258599,100.0,100.0
2021/05/23,5.209494,7.4,2.2,105.339009,100.0,100.0
2021/05/24,4.461386,6.5,2.5,119.81671,100.0,100.0
2021/05/25,4.617318,7.2,2.5,103.410237,100.0,100.0
2021/05/26,4.078689,5.8,2.6,117.103375,100.0,100.0
2021/05/27,3.058974,4.5,2.0,120.093923,100.0,100.0
2021/05/28,1.935,3.5,0.2,129.085908,99.0,100.0
2021/05/29,2.159091,4.0,0.2,89.091343,100.0,100.0
2021/05/30,1.345946,2.4,0.7,131.61294,95.1,95.8
2021/05/31,0.6,1.0,0.2,9.0,100.0,100.0
2021/06/01,1.8,1.8,1.8,67.0,100.0,100.0
2021/06/02,3.133333,4.2,1.9,167.112922,100.0,100.0
2021/06/03,3.701274,5.8,1.7,102.72819,93.4,91.7
2021/06/04,3.9,5.5,2.6,168.001467,100.0,100.0
2021/06/05,2.82657,5.2,0.6,124.208821,100.0,100.0
2021/06/06,2.256667,4.8,0.8,131.332823,100.0,100.0
2021/06/07,1.25,1.6,0.9,64.0,100.0,100.0
2021/06/09,2.6,2.6,2.6,204.0,100.0,100.0
2021/06/11,0.8,0.9,0.7,53.5,94.8,95.8
2021/06/12,2.688462,4.6,1.2,170.710707,99.3,100.0
2021/06/14,2.744444,5.6,0.5,173.606207,87.8,83.3
2021/06/15,1.185185,1.9,0.2,56.211745,100.0,100.0
2021/06/16,0.6,0.6,0.6,67.0,100.0,100.0
2021/06/17,3.2928,5.1,0.8,118.968349,100.0,100.0
2021/06/18,4.467442,6.4,2.8,117.118509,100.0,100.0
2021/06/19,3.370053,6.7,1.3,124.751407,100.0,100.0
2021/06/20,4.208392,7.8,0.8,102.6039,100.0,100.0
2021/06/21,3.978469,6.3,1.6,99.794204,95.8,95.8
2021/06/22,3.442312,5.992,1.875,103.409727,99.3,100.0
2021/06/23,1.887053,3.25,0.766,130.45972,100.0,100.0
2021/06/24,2.492887,4.648,0.531,95.228773,100.0,100.0
2021/06/25,2.055231,4.672,1.086,170.018615,100.0,100.0
2021/06/26,2.180164,4.547,0.484,97.042254,100.0,100.0
2021/06/27,0.861333,1.586,0.258,52.051462,100.0,100.0
2021/06/28,2.547698,4.344,0.547,123.83076,100.0,100.0
2021/06/29,3.844534,6.781,2.656,119.695195,100.0,100.0
2021/06/30,3.530941,6.016,1.688,124.709236,100.0,100.0
2021/07/01,3.853319,6.641,1.859,100.957557,100.0,100.0
2021/07/02,3.828875,5.352,2.336,118.048193,100.0,100.0
2021/07/03,5.37599,8.617,1.977,103.821385,100.0,100.0
2021/07/04,5.432934,7.438,3.703,100.495753,100.0,100.0
2021/07/05,5.527053,7.75,2.352,99.443182,100.0,100.0
2021/07/06,5.128474,7.656,2.234,103.30038,100.0,100.0
2021/07/07,1.703,1.703,1.703,67.0,100.0,100.0
2021/07/08,2.71875,3.18,2.016,162.75,100.0,100.0
2021/07/09,3.125773,5.094,1.039,120.945188,100.0,100.0
2021/07/10,4.61015,6.82,2.305,103.825378,100.0,100.0
2021/07/11,4.926831,6.312,3.32,117.516604,100.0,100.0
2021/07/12,3.772994,6.414,2.125,119.29098,100.0,100.0
2021/07/13,4.076369,5.742,1.984,117.932686,100.0,100.0
2021/07/14,3.345686,5.32,1.234,118.981413,100.0,100.0
2021/07/15,2.528959,4.539,1.102,123.456336,100.0,100.0
2021/07/16,2.848639,5.2,1.1,103.200121,92.7,91.7
2021/07/17,2.692593,4.7,1.0,126.877564,100.0,100.0
2021/07/18,4.964574,8.5,1.6,101.428492,100.0,100.0
2021/07/19,5.798947,8.0,3.3,119.071421,100.0,100.0
2021/07/20,5.562088,8.0,2.9,104.516024,100.0,100.0
2021/07/21,6.265918,9.8,3.8,100.126658,100.0,100.0
2021/07/22,7.940075,11.1,3.8,101.040386,100.0,100.0
2021/07/23,6.297425,8.5,1.6,102.469092,100.0,100.0
2021/07/24,0.7,0.7,0.7,336.0,100.0,100.0
2021/07/25,2.216667,3.0,1.8,163.62483,100.0,100.0
2021/07/26,2.799401,5.4,0.6,99.672009,100.0,100.0
2021/07/27,2.466935,4.9,0.7,123.544177,100.0,100.0
2021/07/28,2.621387,4.7,0.9,123.974142,100.0,100.0
2021/07/29,3.329885,5.1,1.2,120.951744,100.0,100.0
2021/07/30,3.480952,5.1,2.0,102.822971,100.0,100.0
2021/07/31,2.873636,4.5,1.2,101.50116,100.0,100.0
2021/08/01,5.272519,7.6,2.7,104.607227,100.0,100.0
2021/08/02,5.844898,7.8,3.2,117.907699,100.0,100.0
2021/08/03,5.426761,8.7,3.5,101.244711,88.5,83.3
2021/08/04,4.244022,6.2,3.0,103.307848,100.0,100.0
2021/08/05,3.0716,3.648,2.609,161.624807,100.0,100.0
2021/08/06,3.45,3.7,3.2,168.833454,99.7,100.0
2021/08/07,2.275,4.0,1.4,160.000076,100.0,100.0
2021/08/08,3.533333,6.0,1.5,104.049899,100.0,100.0
2021/08/09,3.632353,5.7,2.1,119.844037,100.0,100.0
2021/08/10,4.86087,7.1,1.6,100.075826,100.0,100.0
2021/08/11,5.470732,7.5,2.8,99.351838,100.0,100.0
2021/08/12,5.133571,7.4,1.4,104.185805,100.0,100.0
2021/08/13,0.791304,1.4,0.3,41.718684,95.8,95.8
2021/08/14,2.267544,3.6,1.1,126.085443,95.8,95.8
2021/08/15,2.30566,4.2,0.7,124.049087,100.0,100.0
2021/08/16,3.428283,5.6,1.6,100.848183,100.0,100.0
2021/08/17,1.2,1.2,1.2,161.0,100.0,100.0
2021/08/18,2.225,2.5,2.0,162.997558,100.0,100.0
2021/08/19,0.8,1.0,0.4,286.5,94.8,95.8
2021/08/20,1.0875,1.4,0.8,15.669129,100.0,100.0
2021/08/21,2.982192,5.5,0.6,123.041205,100.0,100.0
2021/08/22,3.947727,6.7,1.6,121.203592,100.0,100.0
2021/08/23,1.4,1.4,1.4,63.0,100.0,100.0
2021/08/24,2.8,2.8,2.8,208.0,100.0,100.0
2021/08/25,2.301504,4.4,0.2,98.586387,96.9,95.8
2021/08/27,0.25,0.3,0.2,43.5,97.9,95.8
2021/08/28,2.645657,5.391,0.719,126.247446,100.0,100.0
2021/08/29,2.128571,2.8,1.5,168.59428,96.5,95.8
2021/08/31,2.258,2.258,2.258,62.0,84.4,83.3
2021/09/01,3.088235,5.6,1.4,118.622804,98.3,100.0
2021/09/02,1.753846,3.5,0.5,164.666776,97.2,100.0
2021/09/03,2.25,2.5,2.0,59.5,100.0,100.0
2021/09/04,1.4,1.9,0.1,356.97388,88.2,87.5
2021/09/05,2.773913,4.8,1.2,173.858288,100.0,100.0
2021/09/06,1.15,1.7,0.4,58.446563,70.8,70.8
2021/09/08,0.1,0.1,0.1,209.0,100.0,100.0
2021/09/10,2.811111,3.7,1.8,169.894572,100.0,100.0
2021/09/11,2.785714,4.6,1.4,166.91071,100.0,100.0
2021/09/12,2.888136,5.0,1.3,120.945829,100.0,100.0
2021/09/13,4.535043,6.9,2.2,103.758638,100.0,100.0
2021/09/14,1.65,1.7,1.6,19.5,99.0,100.0
2021/09/15,3.272078,5.1,1.1,120.891636,100.0,100.0
2021/09/16,5.200897,7.3,3.0,103.308747,100.0,100.0
2021/09/17,2.525,3.1,2.0,164.75,100.0,100.0
2021/09/18,2.458475,4.6,0.4,124.197477,100.0,100.0
2021/09/19,2.550481,5.0,0.7,93.446068,100.0,100.0
2021/09/20,4.07485,6.5,1.8,103.74593,100.0,100.0
2021/09/21,5.092655,6.6,2.2,102.572184,99.0,100.0
2021/09/22,3.941667,5.5,1.6,117.994899,100.0,100.0
2021/09/23,4.151724,5.7,2.0,119.457772,100.0,100.0
2021/09/24,4.868359,6.7,3.0,101.117423,100.0,100.0
2021/09/25,4.759851,6.6,2.5,98.334133,99.7,100.0
2021/09/26,3.683333,5.6,2.3,119.147295,100.0,100.0
2021/09/27,3.004348,6.2,1.3,101.455844,100.0,100.0
2021/09/28,3.46,6.6,0.7,99.103161,100.0,100.0
2021/09/29,0.35,0.5,0.2,225.0,100.0,100.0
2021/09/30,1.955696,3.8,0.8,125.824046,100.0,100.0
2021/10/01,2.274843,4.1,0.5,98.287078,100.0,100.0
2021/10/02,2.530481,4.9,0.9,98.408132,100.0,100.0
2021/10/03,2.809375,5.3,1.0,100.912828,100.0,100.0
2021/10/04,2.013869,3.9,0.7,125.376724,100.0,100.0
2021/10/05,1.120588,1.8,0.2,53.689994,100.0,100.0
2021/10/06,2.441414,4.7,1.0,126.025567,100.0,100.0
2021/10/07,3.095349,5.1,0.7,121.060476,100.0,100.0
2021/10/08,2.798621,4.6,1.9,103.624353,100.0,100.0
2021/10/09,3.222727,5.7,1.1,100.688385,94.1,91.7
2021/10/10,1.201578,2.3,0.344,88.498856,97.2,95.8
2021/10/11,0.9495,1.383,0.516,43.0,100.0,100.0
2021/10/12,0.562,0.562,0.562,64.0,100.0,100.0
2021/10/13,0.727,0.727,0.727,236.0,100.0,100.0
2021/10/14,2.636389,3.555,2.055,309.143737,100.0,100.0
2021/10/15,0.9984,2.641,0.117,59.99599,100.0,100.0
2021/10/16,1.575,2.086,0.492,326.596704,100.0,100.0
2021/10/17,1.842457,3.75,0.25,95.338621,79.2,79.2
2021/10/19,2.629,3.141,2.117,64.0,100.0,100.0
2021/10/20,1.178889,1.828,0.383,4.096563,100.0,100.0
2021/10/21,1.166704,2.055,0.43,52.143404,100.0,100.0
2021/10/22,0.793,1.781,0.172,232.875483,100.0,100.0
2021/10/23,1.8218,4.219,0.398,223.128495,100.0,100.0
2021/10/24,1.43175,2.023,0.883,222.273209,100.0,100.0
2021/10/25,1.573269,2.633,0.203,181.826591,100.0,100.0
2021/10/26,2.215048,4.359,0.539,310.441477,100.0,100.0
2021/10/27,1.90337,3.688,0.07,224.373313,100.0,100.0
2021/10/28,2.672267,4.711,0.258,175.732435,100.0,100.0
2021/10/29,1.800745,3.75,0.43,130.345022,100.0,100.0
2021/10/30,1.359429,2.047,0.523,3.543924,100.0,100.0
2021/10/31,1.716935,2.648,0.492,303.650102,100.0,100.0
2021/11/01,1.991347,3.422,0.164,311.638169,100.0,100.0
2021/11/02,1.1406,1.906,0.648,135.963932,100.0,100.0
2021/11/03,1.22075,2.156,0.305,43.016871,100.0,100.0
2021/11/04,2.687617,4.672,0.633,305.858427,100.0,100.0
2021/11/05,1.919561,2.961,0.883,320.632266,100.0,100.0
2021/11/06,1.161714,2.102,0.297,54.716622,100.0,100.0
2021/11/07,1.06881,1.805,0.492,55.144227,100.0,100.0
2021/11/08,2.24095,3.07,0.219,348.319545,100.0,100.0
2021/11/09,1.689214,2.414,0.5,347.931906,100.0,100.0
2021/11/10,1.937519,3.414,0.297,347.045023,100.0,100.0
2021/11/11,1.815605,3.547,0.688,85.146445,100.0,100.0
2021/11/12,1.376408,2.359,0.133,354.327833,100.0,100.0
2021/11/13,2.137263,3.695,0.289,219.484945,100.0,100.0
2021/11/14,1.764939,2.664,0.414,6.556387,100.0,100.0
2021/11/15,0.822032,2.031,0.055,358.279997,100.0,100.0
2021/11/16,0.411333,0.562,0.203,10.75,100.0,100.0
2021/11/17,2.185704,5.109,0.062,54.505716,100.0,100.0
2021/11/18,2.616405,3.57,1.242,345.291666,100.0,100.0
2021/11/19,1.286036,3.25,0.0,349.637475,100.0,100.0
2021/11/20,1.7992,3.117,0.289,216.065963,100.0,100.0
2021/11/21,2.12248,3.125,0.922,170.36987,100.0,100.0
2021/11/22,0.5,0.5,0.5,337.0,100.0,100.0
2021/11/23,1.060488,1.695,0.062,45.804564,100.0,100.0
2021/11/24,1.681808,3.953,0.117,171.46788,100.0,100.0
2021/11/25,1.06515,1.594,0.523,131.230496,100.0,100.0
2021/11/26,0.840722,1.695,0.07,51.617452,100.0,100.0
2021/11/27,0.5605,0.812,0.391,223.486164,100.0,100.0
2021/11/28,1.680804,3.477,0.25,131.328892,100.0,100.0
2021/11/29,1.834029,3.539,0.273,173.290051,100.0,100.0
2021/11/30,0.200333,0.203,0.195,309.75,100.0,100.0
2021/12/01,0.664,0.664,0.664,324.0,100.0,100.0
2021/12/02,2.673403,5.258,0.609,103.784159,100.0,100.0
2021/12/03,2.455925,3.797,0.992,170.245446,100.0,100.0
2021/12/04,2.863347,5.258,1.172,101.62987,100.0,100.0
2021/12/05,2.036566,3.719,0.594,127.27835,100.0,100.0
2021/12/06,1.66775,2.062,1.211,164.50019,100.0,100.0
2021/12/07,4.023075,6.039,1.227,119.212571,100.0,100.0
2021/12/08,1.758521,3.797,0.297,127.309539,100.0,100.0
2021/12/09,1.247059,2.6,0.4,357.524041,98.6,100.0
2021/12/10,1.518182,2.2,0.7,3.287639,100.0,100.0
2021/12/11,1.223077,2.0,0.0,348.941316,100.0,100.0
2021/12/12,2.05,2.1,2.0,341.5,100.0,100.0
2021/12/13,1.903008,3.5,0.7,303.284798,100.0,100.0
2021/12/14,1.270833,2.0,0.5,125.190813,100.0,100.0
2021/12/15,2.053901,3.7,0.4,131.52649,99.7,100.0
2021/12/16,2.835841,4.8,0.7,128.645872,100.0,100.0
2021/12/17,3.490909,5.8,2.0,105.781607,100.0,100.0
2021/12/18,2.359091,5.2,0.8,126.163469,100.0,100.0
2021/12/20,1.565,2.8,0.3,0.214713,100.0,100.0
2021/12/21,1.53913,3.5,0.1,176.098295,100.0,100.0
2022/01/08,3.142857,4.5,2.4,171.171825,100.0,100.0
2022/01/09,1.191667,1.7,0.5,45.197421,100.0,100.0
2022/01/10,1.8282,3.203,0.805,180.398922,100.0,100.0
2022/01/11,1.138,2.25,0.352,130.223399,100.0,100.0
2022/01/12,1.5328,1.805,1.109,52.656986,100.0,100.0
2022/01/13,0.908667,1.203,0.523,318.0,100.0,100.0
2022/01/14,2.191981,3.984,0.68,95.787115,99.7,100.0
2022/01/15,3.184968,4.75,1.516,104.859949,100.0,100.0
2022/01/16,1.914,1.914,1.914,66.0,100.0,100.0
2022/01/17,0.334,0.703,0.094,316.25,100.0,100.0
2022/01/18,2.455474,4.664,0.82,103.898307,100.0,100.0
2022/01/19,4.334217,7.734,2.156,104.517632,100.0,100.0
2022/01/20,5.514021,8.039,3.453,105.563007,100.0,100.0
2022/01/21,3.448426,6.094,1.125,123.722963,100.0,100.0
2022/01/22,1.152067,1.969,0.0,358.000118,100.0,100.0
2022/01/23,1.783934,2.922,0.57,96.770382,100.0,100.0
2022/01/26,1.651315,3.742,0.156,91.140081,100.0,100.0
2022/01/27,1.151242,2.43,0.164,82.644305,100.0,100.0
2022/01/28,3.451833,4.508,1.82,242.49939,100.0,100.0
2022/01/29,1.469,1.469,1.469,246.0,100.0,100.0
2022/01/30,2.623299,4.32,0.438,306.355303,100.0,100.0
2022/01/31,0.4455,0.75,0.141,91.5,100.0,100.0
2022/02/01,1.143,2.125,0.461,132.031157,100.0,100.0
2022/02/02,2.108726,3.484,0.305,128.619962,100.0,100.0
2022/02/03,3.060924,4.953,0.836,103.076906,100.0,100.0
2022/02/04,1.623857,3.422,0.188,168.56568,100.0,100.0
2022/02/05,1.788864,3.773,0.477,180.379279,100.0,100.0
2022/02/06,1.327593,2.516,0.125,172.805783,100.0,100.0
2022/02/07,3.254,4.336,2.172,165.5,100.0,100.0
2022/02/08,0.1525,0.188,0.117,18.0,100.0,100.0
2022/02/09,1.07,1.898,0.242,59.0,100.0,100.0
2022/02/10,1.915615,4.5,0.156,174.003384,100.0,100.0
2022/02/11,2.104161,4.484,0.297,179.1665,100.0,100.0
2022/02/12,1.651222,2.438,0.852,210.093108,100.0,100.0
2022/02/13,1.71275,2.32,0.242,353.00061,100.0,100.0
2022/02/14,1.857802,3.727,0.289,173.614107,100.0,100.0
2022/02/15,1.461876,2.961,0.109,128.986634,100.0,100.0
2022/02/16,2.322216,4.305,0.539,179.589158,100.0,100.0
2022/02/17,1.963842,3.18,0.312,318.967672,100.0,100.0
2022/02/18,1.945094,4.375,0.188,183.843959,100.0,100.0
2022/02/19,1.5646,4.039,0.109,236.891976,100.0,100.0
2022/02/20,1.65025,2.383,0.914,85.492007,100.0,100.0
2022/02/21,2.111457,3.305,0.156,323.090735,100.0,100.0
2022/02/23,2.058098,4.367,0.336,95.151607,100.0,100.0
2022/02/24,1.597606,3.008,0.43,97.050505,100.0,100.0
2022/02/25,2.324,2.406,2.242,205.0,100.0,100.0
2022/02/26,1.319412,2.133,0.328,168.804309,100.0,100.0
2022/02/27,0.879,0.938,0.82,12.5,100.0,100.0
2022/02/28,0.0,0.0,0.0,360.0,100.0,100.0
2022/03/01,0.32,0.32,0.32,285.0,100.0,100.0
2022/03/02,2.015711,4.477,0.781,168.022629,100.0,100.0
2022/03/03,1.811656,3.102,0.688,168.409374,100.0,100.0
2022/03/04,0.422,0.422,0.422,238.0,100.0,100.0
2022/03/05,2.230609,4.016,0.727,179.729449,100.0,100.0
2022/03/06,2.544225,4.414,0.867,283.126091,100.0,100.0
2022/03/07,2.482163,4.297,0.648,309.136072,100.0,100.0
2022/03/08,2.798254,5.625,1.125,302.895026,100.0,100.0
2022/03/09,1.3234,2.32,0.383,134.0,100.0,100.0
2022/03/10,0.617,0.617,0.617,101.0,100.0,100.0
2022/03/11,1.605647,2.211,0.734,141.344433,100.0,100.0
2022/03/12,2.252914,4.094,0.797,284.534727,100.0,100.0
2022/03/13,2.372431,4.344,0.523,279.050797,100.0,100.0
2022/03/14,1.948738,4.242,0.0,358.428427,100.0,100.0
2022/03/15,1.133353,2.641,0.367,49.925864,100.0,100.0
2022/03/16,2.250889,3.516,1.25,208.486044,100.0,100.0
2022/03/17,1.682459,3.438,0.141,172.741197,100.0,100.0
2022/03/18,1.261432,2.547,0.422,53.866659,100.0,100.0
2022/03/19,1.511027,2.859,0.531,171.026594,100.0,100.0
2022/03/20,1.832072,3.898,0.43,126.899565,100.0,100.0
2022/03/21,0.883,1.305,0.492,58.0,100.0,100.0
2022/03/22,1.73528,3.172,0.789,164.132915,100.0,100.0
2022/03/23,2.354091,4.039,0.625,170.555756,100.0,100.0
2022/03/24,1.587819,3.078,0.242,130.348816,100.0,100.0
2022/03/25,2.098519,4.148,0.523,126.759042,100.0,100.0
2022/03/26,1.919382,3.695,0.43,98.984018,100.0,100.0
2022/03/27,0.0,0.0,0.0,360.0,100.0,100.0
2022/03/28,2.241212,3.398,1.273,166.361433,99.7,100.0
2022/03/29,1.515539,2.781,0.438,96.339839,100.0,100.0
2022/03/30,1.343091,2.602,0.594,86.928787,100.0,100.0
2022/03/31,1.643432,3.375,0.211,172.893669,100.0,100.0
2022/04/01,0.164,0.164,0.164,249.0,100.0,100.0
2022/04/02,2.63392,4.297,1.531,104.091064,100.0,100.0
2022/04/03,2.069768,3.914,0.742,125.782947,100.0,100.0
2022/04/04,2.360517,4.438,0.695,94.293712,100.0,100.0
2022/04/05,2.066574,4.664,0.219,125.970396,100.0,100.0
2022/04/06,2.105333,3.047,1.508,162.599405,100.0,100.0
2022/04/07,1.512786,4.203,0.398,162.969171,100.0,100.0
2022/04/08,3.060323,5.055,1.031,99.79853,100.0,100.0
2022/04/09,2.468302,4.609,0.727,102.013047,100.0,100.0
2022/04/10,2.43734,4.93,0.672,97.518779,100.0,100.0
2022/04/11,1.2615,1.375,1.148,57.0,100.0,100.0
2022/04/12,2.459741,5.102,0.977,103.970083,100.0,100.0
2022/04/13,1.9984,2.367,1.328,164.555265,100.0,100.0
2022/04/14,3.299333,4.312,2.68,162.5,100.0,100.0
2022/04/15,4.425687,6.094,2.742,106.288526,100.0,100.0
2022/04/16,0.8535,1.109,0.594,8.159947,100.0,100.0
2022/04/17,0.6825,2.016,0.133,319.020194,100.0,100.0
2022/04/18,0.664,0.664,0.664,203.0,99.3,100.0
2022/04/19,1.988335,3.484,0.969,308.329913,100.0,100.0
2022/04/20,1.504308,2.18,0.227,184.504737,100.0,100.0
2022/04/21,2.9685,3.523,2.414,339.0,100.0,100.0
2022/04/22,2.383364,3.75,0.695,287.244967,100.0,100.0
2022/04/23,2.453994,4.039,0.797,315.142371,100.0,100.0
2022/04/24,2.433563,3.57,0.375,347.246287,100.0,100.0
2022/04/25,0.188,0.188,0.188,58.0,100.0,100.0
2022/04/26,1.364857,2.289,0.359,50.757325,100.0,100.0
2022/04/27,2.527228,4.664,0.328,95.560555,100.0,100.0
2022/04/28,1.0505,1.312,0.789,321.0,100.0,100.0
2022/04/29,2.13241,5.055,0.812,121.702761,100.0,100.0
2022/04/30,4.832056,6.727,3.789,115.228803,100.0,100.0
2022/05/01,0.90625,1.172,0.633,56.25,100.0,100.0
2022/05/02,3.309228,5.562,1.453,101.407821,100.0,100.0
2022/05/03,2.530447,4.617,1.148,122.848483,100.0,100.0
2022/05/04,2.305939,4.078,0.828,126.173556,100.0,100.0
2022/05/05,1.656179,2.453,0.953,165.6573,100.0,100.0
2022/05/06,2.403667,2.734,1.852,163.75,100.0,100.0
2022/05/07,2.717364,5.719,0.555,93.348525,100.0,100.0
2022/05/08,2.873103,4.609,0.695,101.964951,100.0,100.0
2022/05/09,2.945375,3.617,1.727,167.519527,100.0,100.0
2022/05/10,3.065889,4.523,1.812,167.792092,100.0,100.0
2022/05/11,1.507689,3.477,0.43,128.608438,100.0,100.0
2022/05/12,2.018852,3.75,1.109,168.43287,100.0,100.0
2022/05/13,3.163614,6.75,0.922,122.381541,100.0,100.0
2022/05/14,2.058594,4.773,0.273,96.803169,100.0,100.0
2022/05/15,2.584911,4.273,0.172,102.883248,100.0,100.0
2022/05/16,2.289603,4.664,1.039,124.151481,100.0,100.0
2022/05/17,2.065699,3.648,0.82,126.029978,100.0,100.0
2022/05/18,1.506368,3.156,0.531,128.381979,100.0,100.0
2022/05/19,2.828335,5.047,0.953,97.602102,100.0,100.0
2022/05/20,1.775364,3.188,0.562,126.004477,100.0,100.0
2022/05/21,2.186543,4.945,0.172,93.713516,100.0,100.0
2022/05/22,1.271,1.828,0.188,8.626412,100.0,100.0
2022/05/23,0.638,0.719,0.578,314.207688,100.0,100.0
2022/05/24,2.778598,4.812,0.922,126.039838,100.0,100.0
2022/05/25,4.820557,6.609,2.492,104.123836,100.0,100.0
2022/05/26,4.120207,6.906,1.227,120.555887,100.0,100.0
2022/05/27,1.0946,1.805,0.555,51.502535,100.0,100.0
2022/05/28,3.140667,3.648,2.266,165.5,100.0,100.0
2022/05/29,4.280473,6.5,1.883,105.865395,100.0,100.0
2022/05/30,4.008,4.008,4.008,171.0,100.0,100.0
2022/05/31,2.401558,4.398,0.766,96.016638,100.0,100.0
2022/06/01,1.753876,3.711,0.07,90.968522,100.0,100.0
2022/06/02,2.696192,4.609,0.312,169.474224,100.0,100.0
2022/06/03,1.131573,2.281,0.359,181.726451,100.0,100.0
2022/06/04,1.493491,3.281,0.195,172.747447,100.0,100.0
2022/06/05,1.400071,3.359,0.203,358.538591,100.0,100.0
2022/06/06,0.42,0.6,0.2,308.814452,100.0,100.0
2022/06/07,1.3625,2.1,0.6,53.025121,100.0,100.0
2022/06/08,1.482857,2.7,0.3,91.626858,100.0,100.0
2022/06/09,1.871875,2.7,0.1,282.610133,100.0,100.0
2022/06/10,2.125191,4.0,0.3,132.636105,100.0,100.0
2022/06/11,2.848966,4.9,0.9,100.072585,100.0,100.0
2022/06/12,2.702899,4.9,1.2,119.63948,100.0,100.0
2022/06/13,3.256296,5.0,1.4,105.239007,100.0,100.0
2022/06/14,2.717647,4.1,1.1,97.669331,99.3,100.0
2022/06/15,2.551531,4.3,0.7,125.801814,100.0,100.0
2022/06/16,1.85,3.3,1.0,163.830303,100.0,100.0
2022/06/17,1.37,3.2,0.2,60.213463,96.5,95.8
2022/06/18,0.678571,1.1,0.1,5.948425,100.0,100.0
2022/06/19,3.05625,4.6,1.0,165.603648,100.0,100.0
2022/06/20,1.446667,4.0,0.2,168.275176,89.9,87.5
2022/06/21,2.649624,5.1,1.0,102.38157,99.0,100.0
2022/06/22,3.163063,7.3,0.8,104.163664,100.0,100.0
2022/06/23,3.510857,6.3,0.8,98.855318,93.4,91.7
2022/06/24,0.6,0.6,0.6,15.0,100.0,100.0
2022/06/25,3.544444,4.9,1.8,166.277099,100.0,100.0
2022/06/26,3.438333,6.2,1.6,120.514337,100.0,100.0
2022/06/27,1.88,2.6,1.3,163.582912,100.0,100.0
2022/06/28,2.635385,5.8,0.7,95.642047,100.0,100.0
2022/06/29,2.5,2.5,2.5,168.0,100.0,100.0
2022/06/30,2.140404,3.9,0.6,122.497235,100.0,100.0
2022/07/01,2.92625,4.7,0.8,98.328172,100.0,100.0
2022/07/02,4.397765,6.2,2.5,101.483658,100.0,100.0
2022/07/03,4.784466,8.3,2.8,121.099221,100.0,100.0
2022/07/04,5.218182,7.2,3.5,117.908936,100.0,100.0
2022/07/05,3.959677,6.3,2.1,118.948975,100.0,100.0
2022/07/06,5.023913,7.2,2.4,116.933056,100.0,100.0
2022/07/07,5.519417,7.5,3.2,108.357191,100.0,100.0
2022/07/08,4.943523,7.4,2.1,103.317447,100.0,100.0
2022/07/09,4.938983,7.6,1.9,100.555581,100.0,100.0
2022/07/10,2.80989,5.0,1.1,122.696506,100.0,100.0
2022/07/11,2.62782,4.6,0.5,122.559185,100.0,100.0
2022/07/12,0.1,0.1,0.1,214.0,98.6,95.8
2022/07/13,2.186631,3.7,0.9,129.200617,100.0,100.0
2022/07/14,1.137037,2.0,0.3,52.399153,100.0,100.0
2022/07/15,1.01875,1.8,0.3,8.280352,100.0,100.0
2022/07/16,1.982727,3.9,0.7,129.240202,100.0,100.0
2022/07/17,3.3,3.3,3.3,169.0,100.0,100.0
2022/07/18,5.756118,9.1,2.6,99.738233,100.0,100.0
2022/07/19,3.55,4.0,3.1,159.0,100.0,100.0
2022/07/20,3.186364,6.6,1.5,168.530164,100.0,100.0
2022/07/22,2.541139,5.312,0.727,125.481065,100.0,100.0
2022/07/23,1.851152,3.445,0.43,132.323918,100.0,100.0
2022/07/24,1.808169,3.867,0.312,95.295869,100.0,100.0
2022/07/25,0.516,0.516,0.516,288.0,100.0,100.0
2022/07/26,2.156658,4.484,0.7,124.99952,100.0,100.0
2022/07/27,2.0,2.0,2.0,66.0,100.0,100.0
2022/07/28,3.084,4.2,0.8,177.476372,100.0,100.0
2022/07/29,2.942623,5.2,1.1,125.122841,100.0,100.0
2022/07/30,2.705128,4.2,1.3,172.054622,99.7,100.0
2022/07/31,1.211111,1.8,0.4,46.867285,100.0,100.0
2022/08/01,2.077273,4.0,0.9,166.076757,100.0,100.0
2022/08/02,2.280952,3.6,1.5,164.995596,100.0,100.0
2022/08/03,3.236667,5.4,1.5,119.103506,100.0,100.0
2022/08/04,1.91,2.4,1.5,161.66606,100.0,100.0
2022/08/05,2.178261,3.5,0.8,128.236018,100.0,100.0
2022/08/06,3.222652,5.2,1.0,123.434966,100.0,100.0
2022/08/07,3.49267,6.1,1.9,124.449935,100.0,100.0
2022/08/08,4.766129,6.4,1.6,107.00622,100.0,100.0
2022/08/09,5.3,7.8,3.0,103.384545,98.3,95.8
2022/08/10,3.7,3.7,3.7,160.0,97.9,95.8
2022/08/11,3.468421,5.3,1.1,124.481733,100.0,100.0
2022/08/12,4.218584,7.0,1.7,101.043561,100.0,100.0
2022/08/13,2.158333,3.8,0.8,168.364746,100.0,100.0
2022/08/15,2.201587,5.6,0.7,121.420745,100.0,100.0
2022/08/16,1.7,2.6,1.3,163.108575,98.3,95.8
2022/08/17,2.195484,4.6,0.6,95.540519,100.0,100.0
2022/08/18,2.786335,4.9,0.5,95.193618,100.0,100.0
2022/08/19,3.685606,5.4,1.7,105.180493,100.0,100.0
2022/08/20,3.515854,6.3,2.0,120.828427,100.0,100.0
2022/08/21,4.996,7.0,3.3,117.967178,100.0,100.0
2022/08/22,3.561765,5.9,1.5,121.390062,100.0,100.0
2022/08/23,3.197619,5.6,1.4,101.811729,100.0,100.0
2022/08/24,4.465476,6.8,2.7,104.395658,100.0,100.0
2022/08/25,4.201818,7.2,1.4,122.898884,100.0,100.0
2022/08/26,1.305405,2.6,0.4,52.77729,100.0,100.0
2022/08/27,2.641935,5.1,0.7,99.701502,98.3,95.8
2022/08/28,2.986735,5.7,1.4,120.42427,98.3,100.0
2022/08/29,3.131818,5.3,1.3,122.836578,100.0,100.0
2022/08/30,5.533457,8.2,3.2,98.084543,100.0,100.0
2022/08/31,3.710169,6.3,1.8,121.153113,98.3,95.8
2022/09/01,2.405455,4.3,0.7,127.518751,100.0,100.0
2022/09/02,2.65,5.0,0.6,123.703673,100.0,100.0
2022/09/03,3.936364,6.3,2.3,117.996288,100.0,100.0
2022/09/04,5.4361,7.4,3.4,102.506062,100.0,100.0
2022/09/05,5.107143,6.7,4.0,115.952382,100.0,100.0
2022/09/07,1.2,1.8,0.7,56.537095,100.0,100.0
2022/09/08,0.753846,1.1,0.2,5.974013,100.0,100.0
2022/09/09,3.282692,6.4,0.8,122.333271,100.0,100.0
2022/09/10,5.69,9.0,2.4,101.23769,100.0,100.0
2022/09/12,2.758915,6.8,0.3,99.411895,100.0,100.0
2022/09/13,1.355556,2.2,0.1,358.699087,100.0,100.0
2022/09/14,2.529412,5.4,1.1,98.958627,87.5,87.5
2022/09/15,2.898765,5.0,1.2,105.512218,100.0,100.0
2022/09/16,3.374847,4.82,1.227,103.034089,100.0,100.0
2022/09/17,0.015125,0.242,0.0,1.743445,100.0,100.0
2022/09/18,2.862389,6.68,0.555,95.256753,100.0,100.0
2022/09/19,2.085626,4.383,0.445,130.126516,100.0,100.0
2022/09/20,1.7225,1.773,1.672,323.0,100.0,100.0
2022/09/21,1.709791,3.773,0.266,126.968339,100.0,100.0
2022/09/22,1.952469,2.656,0.656,56.933433,100.0,100.0
2022/09/23,3.335628,6.391,1.102,96.654949,100.0,100.0
2022/09/24,1.613696,3.055,0.203,133.77948,100.0,100.0
2022/09/25,2.684385,3.695,1.047,166.400892,100.0,100.0
2022/09/26,2.88684,5.188,1.641,119.659727,100.0,100.0
2022/09/27,4.098483,6.039,1.664,105.16587,100.0,100.0
2022/09/28,0.5625,0.891,0.234,266.5,100.0,100.0
2022/09/29,1.657273,5.055,0.203,173.502794,100.0,100.0
2022/09/30,2.2093,3.711,1.297,57.202783,100.0,100.0
2022/10/01,4.162651,7.227,1.766,102.258232,100.0,100.0
2022/10/02,4.546466,7.0,2.406,118.105369,100.0,100.0
2022/10/03,4.160857,6.359,2.07,105.485717,100.0,100.0
2022/10/04,0.656,0.656,0.656,282.0,100.0,100.0
2022/10/05,2.026878,3.398,0.453,354.086956,100.0,100.0
2022/10/06,2.102071,4.195,0.164,89.079192,100.0,100.0
2022/10/07,1.919367,2.914,0.078,317.959943,100.0,100.0
2022/10/08,2.440897,4.531,0.555,121.451785,100.0,100.0
2022/10/09,2.797,3.047,2.547,159.5,100.0,100.0
2022/10/10,2.6835,2.984,2.273,163.999695,100.0,100.0
2022/10/11,3.871517,6.062,1.961,105.394878,100.0,100.0
2022/10/12,1.45125,1.992,0.969,162.166603,100.0,100.0
2022/10/13,2.675046,4.391,1.273,84.698203,100.0,100.0
2022/10/14,2.181718,4.062,0.352,92.32828,100.0,100.0
2022/10/15,2.453014,4.898,0.328,103.4131,100.0,100.0
2022/10/16,0.6445,0.758,0.531,281.0,100.0,100.0
2022/10/17,0.766333,2.477,0.0,0.393625,100.0,100.0
2022/10/18,1.742661,4.266,0.141,172.685071,100.0,100.0
2022/10/19,1.24689,2.406,0.078,135.52931,100.0,100.0
2022/10/20,2.202474,5.047,0.156,219.287661,100.0,100.0
2022/10/21,0.8922,1.453,0.242,51.5,100.0,100.0
2022/10/22,1.616235,2.578,0.5,354.057651,100.0,100.0
2022/10/23,0.5094,1.156,0.281,264.491321,100.0,100.0
2022/10/24,1.955667,2.906,0.273,223.692784,100.0,100.0
2022/10/25,1.2719,2.133,0.516,227.926514,100.0,100.0
2022/10/26,1.322667,2.078,0.492,132.886461,100.0,100.0
2022/10/28,2.748077,4.3,0.9,282.791278,100.0,100.0
2022/10/29,2.876,4.3,0.6,285.234437,95.8,91.7
2022/10/30,3.127778,5.5,1.8,285.816887,97.6,95.8
2022/10/31,1.1,1.1,1.1,212.0,93.8,87.5
2022/11/01,3.8,3.8,3.8,64.0,95.8,91.7
2022/11/02,2.945714,5.8,1.2,122.393457,87.2,83.3
2022/11/03,0.0,0.0,0.0,360.0,100.0,100.0
2022/11/04,1.849594,3.508,0.594,129.457356,100.0,100.0
2022/11/05,2.00383,3.469,0.461,277.309728,100.0,100.0
2022/11/06,1.959,3.062,0.797,282.963796,100.0,100.0
2022/11/07,3.085106,4.828,0.5,175.313607,100.0,100.0
2022/11/08,0.951158,1.672,0.383,42.599838,100.0,100.0
2022/11/09,1.909621,3.352,0.656,285.621485,100.0,100.0
2022/11/10,1.016,1.016,1.016,41.0,100.0,100.0
2022/11/11,0.572,1.945,0.062,226.942054,100.0,100.0
2022/11/12,1.203,1.883,0.523,214.5,100.0,100.0
2022/11/13,1.456571,3.078,0.219,228.336134,100.0,100.0
2022/11/14,0.32,0.32,0.32,230.0,100.0,100.0
2022/11/15,3.288372,5.758,1.422,123.013648,100.0,100.0
2022/11/16,2.796133,4.367,1.195,123.106599,100.0,100.0
2022/11/17,1.621759,3.094,0.148,176.60423,100.0,100.0
2022/11/18,2.576524,4.555,0.703,86.139599,100.0,100.0
2022/11/19,2.080357,3.359,0.336,59.227693,100.0,100.0
2022/11/20,2.072913,4.633,0.172,85.960235,100.0,100.0
2022/11/21,1.0408,1.367,0.766,85.033542,100.0,100.0
2022/11/22,3.032235,4.469,1.172,285.493441,100.0,100.0
2022/11/23,2.029,4.258,0.375,348.863309,100.0,100.0
2022/11/24,1.537727,3.461,0.227,220.31746,100.0,100.0
2022/11/25,2.280796,4.367,0.32,91.801606,100.0,100.0
2022/11/26,1.0837,1.891,0.273,51.633724,100.0,100.0
2022/11/27,1.525452,3.023,0.406,178.202511,100.0,100.0
2022/11/28,0.999367,2.734,0.0,353.93862,100.0,100.0
2022/11/29,2.742855,4.016,1.18,282.281586,100.0,100.0
2022/11/30,2.787,4.141,0.0,347.817683,100.0,100.0
2022/12/01,3.36909,5.367,0.914,305.284549,100.0,100.0
2022/12/02,0.5275,0.727,0.336,131.73472,100.0,100.0
2022/12/03,2.236697,4.234,0.523,88.270343,100.0,100.0
2022/12/04,1.569,3.273,0.633,351.232409,100.0,100.0
2022/12/05,2.396727,2.938,1.188,346.085878,100.0,100.0
2022/12/06,1.756613,4.188,0.75,129.166644,100.0,100.0
2022/12/07,2.031917,4.234,0.32,85.632578,100.0,100.0
2022/12/08,2.244893,4.383,0.461,97.410226,100.0,100.0
2022/12/09,2.831111,4.1,1.4,121.110711,94.8,91.7
2022/12/10,3.462667,5.8,1.1,105.473323,100.0,100.0
2022/12/11,3.1,5.5,0.7,104.150864,96.5,91.7
2022/12/12,2.041324,4.4,0.5,126.587215,100.0,100.0
2022/12/13,0.937333,1.945,0.289,54.997861,100.0,100.0
2022/12/14,0.1242,1.242,0.0,1.0,100.0,100.0
2022/12/15,3.791047,6.172,0.914,101.875303,100.0,100.0
2022/12/16,2.137817,4.336,0.625,129.807642,100.0,100.0
2022/12/17,1.992638,3.8,0.4,133.226625,100.0,100.0
2022/12/18,0.433333,0.9,0.2,210.746776,100.0,100.0
2022/12/19,2.240678,4.8,0.5,90.93794,99.0,100.0
2022/12/20,2.049315,4.4,0.1,129.462726,100.0,100.0
2022/12/21,0.2,0.2,0.2,213.0,100.0,100.0
2022/12/22,2.935714,4.8,1.1,101.915478,100.0,100.0
2022/12/23,2.584821,4.8,0.9,126.728909,99.0,100.0
2022/12/24,2.0,2.0,2.0,211.0,100.0,100.0
2022/12/25,2.975,4.5,0.1,275.436368,100.0,100.0
2022/12/26,0.4,0.4,0.4,302.0,100.0,100.0
2022/12/27,1.0,1.0,1.0,221.0,100.0,100.0
2022/12/28,1.72029,2.5,0.2,46.306021,96.9,95.8
2022/12/29,0.3,0.3,0.3,204.0,100.0,100.0
2022/12/30,2.633333,3.8,0.9,283.380202,96.5,91.7
2022/12/31,1.652174,2.6,0.3,348.497778,100.0,100.0
2023/01/01,1.851456,3.4,0.2,307.329242,98.6,95.8
2023/01/02,1.7,2.1,1.1,241.666348,99.0,100.0
2023/01/03,2.139683,3.6,0.6,281.677093,92.4,91.7
2023/01/04,3.033333,3.4,2.4,239.75,100.0,100.0
2023/01/05,0.970588,1.5,0.3,133.802086,100.0,100.0
2023/01/06,1.915385,2.8,0.8,273.96304,99.3,100.0
2023/01/07,0.633333,1.0,0.2,214.0,96.5,95.8
2023/01/08,0.95,2.0,0.5,3.44192,100.0,100.0
2023/01/09,1.357778,2.8,0.2,134.858406,100.0,100.0
2023/01/10,1.34375,2.5,0.5,350.904579,94.4,91.7
2023/01/11,1.179775,2.1,0.1,90.023408,96.9,95.8
2023/01/12,2.257813,3.9,0.3,97.407,98.3,100.0
2023/01/13,1.778125,2.5,0.3,52.627788,100.0,100.0
2023/01/14,1.128571,3.3,0.3,220.694982,87.8,87.5
2023/01/15,1.455556,2.8,0.4,235.33774,100.0,100.0
2023/01/16,1.192857,2.2,0.1,276.326836,100.0,100.0
2023/01/17,0.8,1.0,0.6,19.5,100.0,100.0
2023/01/18,0.808333,1.5,0.2,47.86557,100.0,100.0
2023/01/19,1.051724,2.6,0.4,132.773903,100.0,100.0
2023/01/20,1.559756,3.2,0.1,305.317559,100.0,100.0
2023/01/21,1.749074,4.5,0.2,88.668603,97.2,95.8
2023/01/22,2.375833,4.4,0.1,125.064614,100.0,100.0
2023/01/23,4.451404,6.3,2.5,105.826141,100.0,100.0
2023/01/26,0.475,1.0,0.2,13.0,99.7,100.0
2023/01/27,1.871875,2.7,0.5,61.224947,100.0,100.0
2023/01/28,2.726724,4.2,1.3,95.511755,97.9,95.8
2023/01/29,2.2,2.2,2.2,170.0,100.0,100.0
2023/01/30,0.9,1.0,0.6,11.995913,100.0,100.0
2023/01/31,2.03871,3.7,0.5,317.148802,100.0,100.0
2023/02/01,1.812791,3.7,0.3,87.302512,100.0,100.0
2023/02/02,2.122,4.8,0.7,129.783843,100.0,100.0
2023/02/03,3.246409,5.0,1.0,102.030732,100.0,100.0
2023/02/04,1.533333,1.8,1.3,163.001525,100.0,100.0
2023/02/05,4.162857,6.4,1.9,103.796982,100.0,100.0
2023/02/06,4.366176,5.7,2.6,107.207475,100.0,100.0
2023/02/07,4.064865,6.2,2.5,107.770676,100.0,100.0
2023/02/08,2.822222,5.2,0.8,122.705678,100.0,100.0
2023/02/09,2.564368,4.4,0.7,124.94556,100.0,100.0
2023/02/10,3.015493,5.3,1.1,103.957328,100.0,100.0
2023/02/11,2.966667,3.3,2.8,163.5,100.0,100.0
2023/02/12,3.366667,5.3,0.9,120.795919,100.0,100.0
2023/02/13,2.8,3.4,2.4,166.003564,100.0,100.0
2023/02/14,2.177778,3.0,0.9,163.641237,100.0,100.0
2023/02/15,2.239572,4.1,0.7,126.299322,100.0,100.0
2023/02/16,0.3,0.4,0.2,258.5,100.0,100.0
2023/02/17,1.106667,2.3,0.1,272.23296,99.7,100.0
2023/02/18,1.15,2.8,0.4,218.665359,100.0,100.0
2023/02/19,1.183333,1.6,0.4,321.497939,97.2,95.8
2023/02/20,1.35625,2.2,0.6,54.635221,100.0,100.0
2023/02/21,0.863636,1.8,0.1,45.881892,100.0,100.0
2023/02/22,1.590805,3.7,0.6,124.997246,100.0,100.0
2023/02/23,2.081034,3.7,0.4,100.908765,100.0,100.0
2023/02/25,1.975207,3.4,0.7,132.279496,100.0,100.0
2023/02/26,2.454545,4.0,0.5,172.119392,99.3,100.0
2023/02/27,2.94881,4.3,1.7,123.287025,100.0,100.0
2023/02/28,3.848062,6.4,1.8,119.316549,100.0,100.0
2023/03/01,3.943915,5.6,2.2,103.708227,100.0,100.0
2023/03/02,1.6,1.6,1.6,159.0,100.0,100.0
2023/03/03,2.7,3.5,1.9,166.337981,100.0,100.0
2023/03/04,3.815385,5.5,2.4,166.175599,100.0,100.0
2023/03/05,0.35,0.4,0.3,280.0,100.0,100.0
2023/03/06,0.1,0.1,0.1,215.0,100.0,100.0
2023/03/07,1.332,2.6,0.2,87.978768,100.0,100.0
2023/03/08,1.790909,2.8,0.6,344.213344,100.0,100.0
2023/03/09,2.323256,4.4,1.0,285.753616,100.0,100.0
2023/03/10,1.672727,2.9,0.9,356.799312,100.0,100.0
2023/03/11,1.995181,3.7,0.8,280.414281,100.0,100.0
2023/03/13,2.7,2.7,2.7,195.0,96.9,95.8
2023/03/14,2.166456,3.5,0.7,303.464476,99.7,100.0
2023/03/15,2.330769,3.3,1.1,345.696966,100.0,100.0
2023/03/16,2.576786,4.4,0.5,279.528293,100.0,100.0
2023/03/18,0.65,0.7,0.6,82.0,96.9,95.8
2023/03/19,1.0,1.8,0.3,90.019663,100.0,100.0
2023/03/20,1.65,1.7,1.6,41.0,100.0,100.0
2023/03/21,2.32,3.3,1.0,190.388117,93.8,91.7
2023/03/22,1.146875,2.5,0.1,274.638909,96.2,91.7
2023/03/23,0.72381,1.4,0.3,135.844204,98.6,95.8
2023/03/24,1.518085,3.1,0.2,308.389361,100.0,100.0
2023/03/25,1.18,2.6,0.3,272.78139,100.0,100.0
2023/03/26,2.78,3.9,1.4,165.833524,100.0,100.0
2023/03/27,2.450685,4.1,0.7,121.984159,100.0,100.0
2023/03/28,1.554444,3.1,0.3,131.694954,100.0,100.0
2023/03/30,1.25,1.8,0.7,58.501492,99.7,100.0
2023/03/31,2.308556,4.0,0.6,128.413611,100.0,100.0
2023/04/01,3.644516,5.9,1.3,102.900397,100.0,100.0
2023/04/02,2.807471,5.0,1.5,102.085968,100.0,100.0
2023/04/03,1.878947,2.8,0.9,169.033667,100.0,100.0
2023/04/04,2.962264,5.6,0.8,174.454656,98.6,100.0
2023/04/05,1.445455,2.8,0.3,216.139603,100.0,100.0
2023/04/06,2.167347,4.2,0.9,305.523343,98.6,95.8
2023/04/07,2.1,3.7,0.8,348.589832,100.0,100.0
2023/04/08,1.482609,2.3,0.1,309.795298,100.0,100.0
2023/04/09,0.783333,1.0,0.3,55.388426,100.0,100.0
2023/04/10,3.662963,5.2,1.8,173.81284,100.0,100.0
2023/04/11,2.494444,4.7,0.3,170.787631,99.3,100.0
2023/04/12,2.165625,3.9,0.5,125.584907,96.5,95.8
2023/04/13,3.25,5.6,0.9,102.653995,96.5,95.8
2023/04/14,2.246094,4.5,0.1,128.942753,97.2,95.8
2023/04/16,1.526316,2.8,0.0,125.856534,88.9,83.3
2023/04/17,2.528169,4.4,0.5,282.050963,100.0,100.0
2023/04/18,2.412791,4.0,0.9,279.518574,100.0,100.0
2023/04/19,2.278333,3.9,0.7,183.045292,100.0,100.0
2023/04/20,1.333333,1.8,0.6,205.75,100.0,100.0
2023/04/21,1.106667,2.2,0.3,356.557288,100.0,100.0
2023/04/22,2.143396,4.1,0.3,282.680824,93.4,91.7
2023/04/23,1.882456,3.3,0.6,281.305735,97.2,91.7
2023/04/24,2.145977,3.8,0.2,276.196746,93.1,87.5
2023/04/25,1.230303,2.7,0.4,279.455205,91.7,87.5
2023/04/26,1.188889,2.1,0.4,1.807722,100.0,100.0
2023/04/27,0.266667,0.4,0.1,276.747053,100.0,100.0
2023/04/28,2.302469,4.5,0.4,94.304618,100.0,100.0
2023/04/29,0.5,0.5,0.5,206.0,100.0,100.0
2023/04/30,3.374157,5.5,1.5,100.312106,100.0,100.0
2023/05/01,2.872727,3.7,1.8,164.330144,100.0,100.0
2023/05/02,4.259524,5.8,2.6,119.980125,100.0,100.0
2023/05/03,3.9648,6.7,2.2,102.590886,100.0,100.0
2023/05/04,4.30051,6.3,1.0,103.878006,100.0,100.0
2023/05/05,3.623125,5.4,0.2,123.100393,100.0,100.0
2023/05/06,3.518182,6.2,1.0,104.221013,100.0,100.0
2023/05/07,2.57438,4.6,0.9,101.02558,100.0,100.0
2023/05/08,2.895679,5.0,1.4,125.34855,100.0,100.0
2023/05/09,3.446721,5.7,1.7,120.29345,100.0,100.0
2023/05/10,1.77,3.4,0.5,164.607771,100.0,100.0
2023/05/11,0.9,0.9,0.9,327.0,89.2,87.5
2023/05/12,1.856164,3.6,0.8,128.395221,100.0,100.0
2023/05/13,3.433333,5.6,1.4,100.478004,100.0,100.0
2023/05/14,2.908475,5.8,0.7,126.012061,100.0,100.0
2023/05/15,1.945455,3.3,0.2,181.343323,100.0,100.0
2023/05/16,2.045,4.5,0.7,166.853303,100.0,100.0
2023/05/17,1.8,2.1,1.3,162.333126,96.9,95.8
2023/05/18,2.35,2.4,2.2,162.661458,96.2,95.8
2023/05/19,2.433333,2.6,2.1,66.0,100.0,100.0
2023/05/20,2.014504,4.3,0.4,130.631136,97.9,100.0
2023/05/21,1.259375,3.5,0.1,180.855975,100.0,100.0
2023/05/22,2.3125,2.7,1.8,62.148577,100.0,100.0
2023/05/23,0.575,1.0,0.3,271.72229,99.3,100.0
2023/05/25,0.65,1.1,0.1,61.163846,99.3,100.0
2023/05/26,2.354422,4.9,1.0,100.439068,98.6,100.0
2023/05/27,3.101087,5.0,1.1,99.46091,95.5,95.8
2023/05/28,3.057143,5.0,1.5,164.685217,100.0,100.0
2023/05/29,0.6,0.6,0.6,61.0,91.7,87.5
2023/05/30,3.075148,5.9,1.0,99.964491,91.3,87.5
2023/05/31,3.32,4.5,2.3,165.667496,100.0,100.0
2023/06/01,2.82439,4.9,1.2,123.503839,100.0,100.0
2023/06/02,2.506803,4.1,0.9,122.671521,100.0,100.0
2023/06/03,1.926923,3.0,1.0,170.176353,100.0,100.0
2023/06/04,4.186444,6.6,1.1,102.536169,100.0,100.0
2023/06/05,5.096465,7.117,2.953,102.548347,100.0,100.0
2023/06/06,4.134259,6.312,1.68,98.955817,100.0,100.0
2023/06/07,3.777681,5.633,1.898,103.051109,100.0,100.0
2023/06/08,3.395701,5.109,1.422,119.94813,100.0,100.0
2023/06/09,2.988581,5.828,1.008,120.824965,100.0,100.0
2023/06/10,1.897158,2.898,1.016,162.517758,100.0,100.0
2023/06/11,3.617707,5.531,1.875,103.511792,100.0,100.0
2023/06/12,3.567446,6.188,1.656,104.352267,100.0,100.0
2023/06/13,4.136586,6.641,2.477,121.072149,100.0,100.0
2023/06/14,4.767281,6.625,2.039,118.221821,100.0,100.0
2023/06/15,5.862133,8.43,3.234,103.200949,100.0,100.0
2023/06/16,5.490196,6.828,3.797,116.715246,100.0,100.0
2023/06/17,6.224195,8.43,2.961,102.354854,100.0,100.0
2023/06/18,4.911942,7.117,2.5,107.549949,100.0,100.0
2023/06/19,3.810181,5.68,2.336,122.122756,100.0,100.0
2023/06/20,4.789148,6.453,3.102,106.439236,100.0,100.0
2023/06/21,5.258045,7.227,3.32,102.99244,100.0,100.0
2023/06/22,4.257453,6.2,2.0,118.253578,100.0,100.0
2023/06/23,2.790476,5.9,0.8,123.521839,94.8,91.7
2023/06/24,3.351449,5.8,1.0,102.277786,98.3,95.8
2023/06/25,3.407568,5.4,1.7,101.271178,100.0,100.0
2023/06/26,4.275882,8.2,1.4,102.641933,100.0,100.0
2023/06/27,3.333333,6.0,1.0,120.300881,100.0,100.0
2023/06/28,2.3,2.3,2.3,167.0,100.0,100.0
2023/06/29,3.906452,5.9,2.4,118.571346,100.0,100.0
2023/07/01,3.831683,5.9,1.7,100.359706,100.0,100.0
2023/07/02,2.459722,4.0,0.3,95.876616,98.6,95.8
2023/07/03,0.3,0.3,0.3,282.0,100.0,100.0
2023/07/06,1.921277,3.4,0.9,170.864254,97.6,95.8
2023/07/07,1.778571,3.9,0.3,95.418031,93.4,87.5
2023/07/08,2.491379,4.6,0.1,127.5752,100.0,100.0
2023/07/09,4.472789,6.4,1.9,102.985159,92.0,87.5
2023/07/10,4.815517,6.8,1.8,104.283298,100.0,100.0
2023/07/11,2.8,2.8,2.8,164.0,100.0,100.0
2023/07/13,4.170435,6.4,0.2,122.090768,100.0,100.0
2023/07/14,2.468421,3.8,0.8,168.04112,98.3,95.8
2023/07/15,2.75,3.1,2.0,165.375393,100.0,100.0
2023/07/16,3.756579,5.5,1.0,119.129901,100.0,100.0
2023/07/17,5.210314,8.4,2.9,101.537655,100.0,100.0
2023/07/18,6.549609,10.5,4.1,100.73297,100.0,100.0
2023/07/19,5.342857,6.8,3.3,117.4722,100.0,100.0
2023/07/20,6.064419,8.8,4.0,100.747904,100.0,100.0
2023/07/21,5.202632,7.9,3.0,117.442745,100.0,100.0
2023/07/22,5.052444,8.2,2.5,102.14244,100.0,100.0
2023/07/23,4.652542,6.3,3.5,115.979704,100.0,100.0
2023/07/24,5.527329,7.5,3.5,103.998124,100.0,100.0
2023/07/25,0.6,0.6,0.6,178.0,100.0,100.0
2023/07/26,2.010185,3.7,0.8,126.373897,99.7,100.0
2023/07/27,2.362346,4.0,0.6,126.807477,100.0,100.0
2023/07/28,3.374336,6.4,1.2,103.996488,100.0,100.0
2023/07/29,3.189552,5.9,1.3,120.093584,100.0,100.0
2023/07/30,4.821818,6.1,2.6,118.071169,100.0,100.0
2023/07/31,4.687755,6.1,3.0,116.369617,100.0,100.0
2023/08/01,5.773061,7.8,3.2,101.097794,100.0,100.0
2023/08/02,4.232075,6.0,1.8,118.374278,100.0,100.0
2023/08/03,3.481287,4.9,1.7,120.070101,99.7,100.0
2023/08/04,3.385185,5.4,1.8,117.62758,97.9,95.8
2023/08/05,3.849533,5.7,2.3,117.464876,100.0,100.0
2023/08/06,4.18172,6.0,1.2,102.11327,100.0,100.0
2023/08/07,4.359615,6.3,2.9,117.551814,100.0,100.0
2023/08/08,6.637815,9.3,4.1,103.616651,100.0,100.0
2023/08/09,4.784483,7.1,3.0,118.808181,100.0,100.0
2023/08/10,0.2,0.2,0.2,319.0,97.6,95.8
2023/08/11,4.277679,6.3,1.4,104.301701,100.0,100.0
2023/08/13,1.5,1.5,1.5,163.0,97.9,95.8
2023/08/14,3.745882,5.7,1.7,102.622781,100.0,100.0
2023/08/15,3.541463,5.6,1.2,102.754731,100.0,100.0
2023/08/16,3.403256,5.6,1.6,98.185606,100.0,100.0
2023/08/17,2.538235,4.5,0.9,129.093235,100.0,100.0
2023/08/18,2.44,3.6,1.4,163.312214,94.4,91.7
2023/08/19,1.833333,3.6,0.1,131.593995,100.0,100.0
2023/08/20,1.573418,4.9,0.1,173.137167,97.9,95.8
2023/08/21,2.386792,4.7,0.6,165.547663,100.0,100.0
2023/08/22,2.679,5.8,1.1,124.217946,100.0,100.0
2023/08/23,4.8232,7.4,2.0,104.602464,99.7,100.0
2023/08/24,2.7,2.7,2.7,158.0,100.0,100.0
2023/08/25,4.160938,6.3,1.3,104.495704,100.0,100.0
2023/08/26,2.154717,4.4,0.5,127.17298,100.0,100.0
2023/08/27,3.536709,6.4,1.3,100.835845,98.3,95.8
2023/08/28,3.521642,5.5,1.3,122.882686,100.0,100.0
2023/08/29,3.916456,5.7,1.6,106.277915,100.0,100.0
2023/08/30,3.016832,5.4,1.5,121.667979,100.0,100.0
2023/08/31,2.991852,5.1,1.0,120.308486,99.7,100.0
2023/09/01,2.55,2.6,2.5,163.0,95.8,95.8
2023/09/02,1.65,2.5,0.7,347.613354,98.3,95.8
2023/09/03,2.219658,4.1,0.8,91.267815,97.2,91.7
2023/09/04,4.669461,8.4,1.2,102.723469,100.0,100.0
2023/09/05,6.52716,9.4,3.9,105.653035,93.1,91.7
2023/09/06,5.330894,7.0,3.6,116.746575,100.0,100.0
2023/09/07,3.513636,5.6,0.9,122.057041,100.0,100.0
2023/09/08,2.916794,5.9,0.8,122.891066,100.0,100.0
2023/09/09,4.469756,7.6,2.0,102.833862,100.0,100.0
2023/09/10,3.901724,5.9,2.3,118.691527,100.0,100.0
2023/09/11,4.293478,7.2,1.7,118.563315,100.0,100.0
2023/09/12,3.561151,5.1,1.1,119.756536,97.2,95.8
2023/09/13,2.755238,4.8,1.0,100.783627,100.0,100.0
2023/09/14,3.535616,5.5,1.1,121.424792,100.0,100.0
2023/09/15,4.529,6.1,2.7,118.218288,100.0,100.0
2023/09/17,4.327731,6.6,2.7,105.102302,100.0,100.0
2023/09/18,4.767016,6.9,2.7,119.037446,100.0,100.0
2023/09/19,5.158049,7.3,3.2,103.48534,100.0,100.0
2023/09/20,4.179866,6.0,1.9,117.977099,95.5,95.8
2023/09/21,3.824096,5.8,1.6,97.228948,100.0,100.0
2023/09/22,3.176349,5.4,1.3,97.621229,98.6,95.8
2023/09/23,3.14375,4.3,2.1,167.514382,100.0,100.0
2023/09/24,2.225,2.7,1.7,167.166733,100.0,100.0
2023/09/25,3.1,3.1,3.1,160.0,100.0,100.0
2023/09/26,3.12,4.0,2.5,173.156066,100.0,100.0
2023/09/27,2.2,2.4,2.0,163.5,100.0,100.0
2023/09/28,2.084615,3.8,0.4,127.315379,100.0,100.0
2023/09/29,2.399057,4.9,0.6,124.671395,100.0,100.0
2023/09/30,2.4,2.9,1.8,168.5,100.0,100.0
2023/10/01,1.741667,2.3,1.2,162.531158,100.0,100.0
2023/10/02,2.200709,5.3,0.3,126.842669,98.3,95.8
2023/10/03,2.329126,4.8,0.5,89.724065,100.0,100.0
2023/10/04,2.083333,5.3,0.3,92.867905,96.2,95.8
2023/10/05,1.503529,2.9,0.4,130.217855,100.0,100.0
2023/10/06,0.1,0.1,0.1,229.0,100.0,100.0
2023/10/07,2.2,2.2,2.2,65.0,100.0,100.0
2023/10/08,1.2,1.5,0.9,230.362655,100.0,100.0
2023/10/09,1.7,3.0,0.7,63.5,100.0,100.0
2023/10/10,1.795597,3.3,0.3,130.827617,96.9,95.8
2023/10/11,2.605036,5.1,0.7,99.223224,100.0,100.0
2023/10/12,2.422464,4.3,1.0,94.346796,94.8,95.8
2023/10/13,0.985714,1.4,0.4,310.495044,99.3,100.0
2023/10/14,1.242857,2.1,0.4,54.150287,99.3,100.0
2023/10/15,2.155556,3.2,1.3,171.007694,100.0,100.0
2023/10/16,2.692857,4.5,1.3,100.948115,100.0,100.0
2023/10/17,2.362727,4.1,1.3,122.490471,99.3,100.0
2023/10/18,3.267568,5.7,1.1,102.324415,100.0,100.0
2023/10/19,3.616667,5.5,1.5,119.202127,100.0,100.0
2023/10/20,1.557143,2.3,0.4,179.525922,94.8,91.7
2023/10/21,1.816667,3.4,0.6,64.834108,100.0,100.0
2023/10/23,3.271429,5.0,1.1,165.477875,100.0,100.0
2023/10/24,2.357143,2.7,1.1,328.590129,99.0,100.0
2023/10/25,1.584615,3.6,0.1,131.349306,100.0,100.0
2023/10/26,1.84,2.9,1.2,344.832363,97.2,95.8
2023/10/27,2.791327,4.6,1.1,304.742173,100.0,100.0
2023/10/28,3.4,3.4,3.4,356.0,100.0,100.0
2023/10/29,1.875,2.7,1.0,346.342084,95.1,91.7
2023/10/30,1.0,1.0,1.0,39.0,100.0,100.0
2023/10/31,2.4,3.7,0.9,189.724371,100.0,100.0
2023/11/01,2.431551,4.0,0.5,305.647832,97.2,95.8
2023/11/02,0.2,0.2,0.2,114.0,98.3,95.8
2023/11/03,1.672727,2.7,0.6,273.594359,100.0,100.0
2023/11/04,1.766667,3.8,0.2,127.309624,99.3,100.0
2023/11/05,1.85,3.0,0.2,212.855824,100.0,100.0
2023/11/06,1.2,1.6,0.8,62.25,91.0,87.5
2023/11/09,3.465942,5.7,0.9,101.990871,100.0,100.0
2023/11/10,3.252586,5.4,1.4,105.325231,100.0,100.0
2023/11/11,2.05,2.8,1.1,166.183974,99.0,100.0
2023/11/12,2.869828,5.0,1.3,121.490002,100.0,100.0
2023/11/13,3.3,5.8,1.1,101.306291,100.0,100.0
2023/11/14,2.237209,4.0,0.4,99.830961,99.3,100.0
2023/11/15,1.407792,4.0,0.2,91.481726,100.0,100.0
2023/11/16,2.166019,3.5,0.6,95.394023,100.0,100.0
2023/11/17,1.9125,3.2,0.4,277.276852,99.7,100.0
2023/11/18,2.644,4.1,0.6,345.210271,100.0,100.0
2023/11/19,3.315217,4.2,1.4,344.761037,99.3,100.0
2023/11/20,3.147573,4.6,1.0,307.244663,93.8,91.7
2023/11/21,1.146154,1.5,0.9,188.407828,100.0,100.0
2023/11/22,1.806122,3.6,0.3,279.136884,99.7,100.0
2023/11/23,2.090909,3.3,0.7,280.57109,100.0,100.0
2023/11/24,0.2,0.2,0.2,238.0,100.0,100.0
2023/11/25,1.607143,3.9,0.2,136.768515,99.0,100.0
2023/11/26,2.464904,4.1,0.9,125.265569,100.0,100.0
2023/11/27,3.795833,5.7,1.6,106.919408,100.0,100.0
2023/11/28,4.306796,6.4,2.1,105.727002,100.0,100.0
2023/11/29,3.265957,6.3,0.8,101.115353,100.0,100.0
2023/11/30,2.393956,4.7,0.4,128.570735,99.0,100.0
2023/12/01,2.2,2.9,1.4,164.742686,100.0,100.0
2023/12/02,2.37284,4.8,0.6,126.157186,100.0,100.0
2023/12/03,2.133333,3.5,1.0,132.383741,95.5,91.7
2023/12/04,2.875155,5.5,1.0,99.188014,99.3,100.0
2023/12/05,0.2,0.2,0.2,229.0,100.0,100.0
2023/12/06,0.233333,0.4,0.0,222.327437,99.3,100.0
2023/12/07,0.15,0.2,0.1,309.0,97.6,95.8
2023/12/08,4.028333,6.2,1.4,118.338572,100.0,100.0
2023/12/09,5.433071,7.8,2.9,106.664502,100.0,100.0
2023/12/11,2.5,3.8,1.3,164.318676,100.0,100.0
2023/12/12,3.700585,6.0,1.3,122.379541,100.0,100.0
2023/12/13,2.847368,5.1,0.8,122.067359,100.0,100.0
2023/12/14,2.425,3.1,2.0,345.75,100.0,100.0
2023/12/15,0.76,1.9,0.4,217.864585,100.0,100.0
2023/12/16,1.820513,3.1,0.6,93.539924,100.0,100.0
2023/12/17,1.784211,3.5,0.0,352.262905,99.3,100.0
2023/12/18,1.752688,3.3,0.3,314.395316,100.0,100.0
2023/12/19,2.466667,3.0,1.7,197.5,100.0,100.0
2023/12/20,1.96,3.1,0.8,282.862447,99.7,100.0
2023/12/21,1.988372,4.6,0.2,180.133235,100.0,100.0
2023/12/22,2.3125,2.9,0.3,326.910802,98.6,95.8
2023/12/23,1.5,1.5,1.5,206.0,100.0,100.0
2023/12/24,2.339869,5.1,0.5,130.579938,100.0,100.0
2023/12/25,0.671429,1.1,0.3,8.160915,100.0,100.0
2023/12/26,0.45,0.9,0.0,275.5,100.0,100.0
2023/12/27,1.103704,2.1,0.1,304.314396,100.0,100.0
2023/12/29,1.3,4.1,0.3,277.356789,94.4,95.8
2023/12/30,1.494595,2.5,0.2,354.856399,100.0,100.0
2023/12/31,1.526316,2.4,0.1,349.702642,100.0,100.0
2024/01/01,2.348837,5.2,0.4,355.666464,100.0,100.0
2024/01/02,1.507895,2.3,0.4,48.604199,98.3,95.8
2024/01/03,1.20625,1.9,0.5,130.267919,100.0,100.0
2024/01/04,1.3,2.1,0.6,40.1603,100.0,100.0
2024/01/05,1.323077,2.5,0.1,359.613637,99.3,100.0
2024/01/06,1.340741,2.2,0.8,46.253844,100.0,100.0
2024/01/07,2.4,2.4,2.4,160.0,100.0,100.0
2024/01/08,3.436242,6.2,0.9,122.216723,100.0,100.0
2024/01/09,2.375,3.1,1.1,166.705748,100.0,100.0
2024/01/10,2.383333,4.7,0.5,100.371092,97.2,95.8
2024/01/11,1.761364,3.8,0.4,97.574482,99.3,100.0
2024/01/12,1.4,2.6,0.2,283.728468,96.9,95.8
2024/01/13,1.6075,3.3,0.2,167.860496,98.6,100.0
2024/01/14,0.1,0.1,0.1,331.0,92.4,87.5
2024/01/15,3.593846,6.9,1.1,120.289901,100.0,100.0
2024/01/16,5.014085,7.3,2.8,119.91069,100.0,100.0
2024/01/17,4.90989,7.1,3.4,107.482379,100.0,100.0
2024/01/18,4.378857,6.5,2.2,122.273249,100.0,100.0
2024/01/19,4.717935,6.5,1.9,120.123523,100.0,100.0
2024/01/20,3.928571,6.4,1.4,121.791461,100.0,100.0
2024/01/21,3.962032,6.1,1.9,122.094681,100.0,100.0
2024/01/22,3.701478,5.4,2.3,121.061963,100.0,100.0
2024/01/23,3.940476,5.2,2.8,106.256474,100.0,100.0
2024/01/24,2.935802,5.1,1.5,101.277006,100.0,100.0
2024/01/26,2.420103,5.2,1.2,95.844295,99.7,100.0
2024/01/27,0.46,0.7,0.3,19.002098,98.3,95.8
2024/01/28,2.745217,5.9,0.6,177.24926,95.8,95.8
2024/01/29,3.352941,5.6,1.1,175.075706,97.6,95.8
2024/01/30,3.652632,5.2,2.1,165.353384,100.0,100.0
2024/01/31,2.462963,4.3,1.0,125.395132,100.0,100.0
2024/02/01,2.415108,3.9,0.8,126.282043,100.0,100.0
2024/02/02,0.42,0.7,0.2,270.123527,99.0,100.0
2024/02/03,1.25,2.0,0.3,46.606439,100.0,100.0
2024/02/04,1.366667,1.8,0.8,215.5,100.0,100.0
2024/02/05,1.281818,2.5,0.2,58.319595,100.0,100.0
2024/02/06,2.281522,5.2,0.1,92.531816,94.4,91.7
2024/02/07,2.302632,4.4,0.8,101.431876,96.9,95.8
2024/02/08,2.897248,5.6,1.5,103.239351,100.0,100.0
2024/02/09,2.95,3.0,2.9,158.5,100.0,100.0
2024/02/10,4.672549,6.9,1.9,104.679679,100.0,100.0
2024/02/11,3.194382,5.4,0.7,123.552934,100.0,100.0
2024/02/12,1.803101,2.9,0.4,128.070043,98.6,95.8
2024/02/13,2.293805,4.3,0.9,104.46705,100.0,100.0
2024/02/14,5.558919,7.6,2.9,105.081277,100.0,100.0
2024/02/15,5.456522,7.5,2.9,105.141962,100.0,100.0
2024/02/17,0.966667,1.1,0.8,169.5,98.3,95.8
2024/02/18,3.342073,5.6,0.1,101.453869,100.0,100.0
2024/02/19,2.177778,2.9,1.6,345.934676,96.5,91.7
2024/02/20,2.378571,3.8,1.0,283.059276,100.0,100.0
2024/02/21,3.428814,4.9,1.4,307.408932,100.0,100.0
2024/02/22,2.801642,5.0,1.0,280.88973,99.7,100.0
2024/02/23,0.766667,0.9,0.6,44.671973,100.0,100.0
2024/02/24,1.788,3.5,0.2,176.671543,100.0,100.0
2024/02/25,1.57963,2.9,0.4,90.514196,100.0,100.0
2024/02/26,1.163636,2.0,0.5,98.74557,100.0,100.0
2024/02/27,2.146809,4.2,0.0,89.283466,100.0,100.0
2024/02/28,1.780921,3.3,0.7,131.692081,99.0,100.0
2024/02/29,0.8,0.8,0.8,13.0,100.0,100.0
2024/03/01,2.692857,5.1,0.1,184.707206,100.0,100.0
2024/03/02,1.548718,2.9,0.0,179.66696,100.0,100.0
2024/03/03,1.655303,4.1,0.2,178.188818,100.0,100.0
2024/03/04,0.607143,1.2,0.1,2.572915,100.0,100.0
2024/03/05,1.805405,3.8,0.6,129.050023,100.0,100.0
2024/03/06,2.127778,4.3,1.0,168.626157,100.0,100.0
2024/03/07,3.486928,5.9,1.1,102.594237,100.0,100.0
2024/03/08,3.930625,6.2,0.8,103.580872,100.0,100.0
2024/03/09,3.737736,5.4,0.9,101.988384,100.0,100.0
2024/03/10,3.956614,5.6,1.5,119.590194,100.0,100.0
2024/03/11,3.995556,6.0,2.1,121.355986,100.0,100.0
2024/03/12,3.860326,6.6,1.7,119.829775,100.0,100.0
2024/03/13,4.642857,6.6,2.3,105.179766,100.0,100.0
2024/03/14,5.647445,8.1,3.2,106.311642,100.0,100.0
2024/03/15,5.249045,7.1,3.5,104.200243,100.0,100.0
2024/03/16,3.044796,5.5,1.0,125.695947,100.0,100.0
2024/03/17,2.3,2.9,1.7,166.0,100.0,100.0
2024/03/18,1.666667,2.4,1.2,165.325035,98.6,100.0
2024/03/19,0.6,0.6,0.6,291.0,100.0,100.0
2024/03/20,1.0,1.9,0.2,316.276564,100.0,100.0
2024/03/21,2.301471,4.0,0.6,315.576503,98.6,100.0
2024/03/22,0.916667,2.0,0.1,283.878647,100.0,100.0
2024/03/23,0.88,1.6,0.4,136.599168,100.0,100.0
2024/03/24,1.933333,3.9,0.1,95.776601,100.0,100.0
2024/03/25,1.7,2.3,1.2,109.0,74.0,75.0
2024/03/27,1.667857,3.0,0.1,89.400023,100.0,100.0
2024/03/28,1.830612,3.2,0.6,100.38586,93.1,91.7
2024/03/29,1.456757,3.8,0.1,131.215844,100.0,100.0
2024/03/30,2.319171,4.6,0.5,95.270228,100.0,100.0
2024/03/31,1.735616,3.7,0.3,90.865945,100.0,100.0
2024/04/01,0.75,1.1,0.4,356.5,100.0,100.0
2024/04/02,0.466667,0.9,0.2,54.997297,100.0,100.0
2024/04/03,1.628409,3.4,0.3,98.46773,93.7,91.7
2024/04/04,2.396262,4.4,0.8,102.861649,98.6,95.8
2024/04/05,3.35098,5.0,1.2,105.991892,100.0,100.0
2024/04/06,2.333987,4.4,0.9,123.564836,99.7,100.0
2024/04/07,2.313333,3.0,1.5,169.754424,100.0,100.0
2024/04/09,4.108,6.3,2.1,106.645973,100.0,100.0
2024/04/10,1.333333,1.8,0.7,317.5,99.3,100.0
2024/04/11,2.286486,4.4,0.9,101.529013,96.9,95.8
2024/04/12,3.12541,5.7,0.3,102.730178,91.0,91.7
2024/04/13,2.902484,4.8,0.9,124.238206,95.8,91.7
2024/04/14,2.315238,4.3,0.4,101.225832,100.0,100.0
2024/04/15,2.00122,4.1,0.4,131.034179,100.0,100.0
2024/04/16,2.1,3.7,0.3,168.750309,95.8,91.7
2024/04/17,2.905357,4.7,1.3,103.487184,97.9,95.8
2024/04/18,2.584,4.3,0.4,122.216295,100.0,100.0
2024/04/19,0.766667,1.4,0.2,223.555959,94.4,91.7
2024/04/20,1.8,3.3,0.1,276.354879,99.0,100.0
2024/04/21,1.34,2.7,0.4,237.66792,100.0,100.0
2024/04/22,2.035714,3.4,0.3,176.410163,100.0,100.0
2024/04/23,2.485714,4.7,0.2,218.091054,99.3,100.0
2024/04/24,1.664198,3.3,0.6,131.007673,100.0,100.0
2024/04/25,1.453846,2.4,0.9,164.440644,100.0,100.0
2024/04/26,1.166667,1.9,0.3,56.237332,98.6,95.8
2024/04/27,1.736486,4.4,0.4,93.785441,100.0,100.0
2024/04/28,2.37377,4.9,0.2,182.622353,100.0,100.0
2024/04/29,0.3,0.3,0.3,232.0,100.0,100.0
2024/04/30,2.0,2.0,2.0,62.0,100.0,100.0
2024/05/01,1.318182,1.9,0.8,164.570149,100.0,100.0
2024/05/02,0.6,0.6,0.6,305.0,100.0,100.0
2024/05/03,2.04,3.5,0.3,170.788417,100.0,100.0
2024/05/04,1.642857,3.2,0.3,92.282442,100.0,100.0
2024/05/05,3.840828,6.8,0.8,99.449086,100.0,100.0
2024/05/06,3.593233,6.3,1.7,121.05629,100.0,100.0
2024/05/07,1.838095,2.7,0.9,165.982464,100.0,100.0
2024/05/08,2.064103,3.9,0.3,91.899848,100.0,100.0
2024/05/09,2.661538,5.0,0.7,122.526426,100.0,100.0
2024/05/10,1.877778,4.0,0.7,125.636525,97.9,95.8
2024/05/11,2.375309,4.2,1.1,121.949449,100.0,100.0
2024/05/12,2.821583,5.1,0.3,97.235895,96.5,91.7
2024/05/13,2.398361,4.6,1.3,98.778341,90.6,87.5
2024/05/14,1.65137,3.3,0.3,127.397788,100.0,100.0
2024/05/15,0.533333,0.8,0.3,315.750896,96.5,91.7
2024/05/16,2.215789,5.8,0.4,96.458752,99.3,100.0
2024/05/17,1.934756,4.0,0.5,134.188666,100.0,100.0
2024/05/18,4.566667,6.9,1.5,104.705627,100.0,100.0
2024/05/19,4.773913,6.7,2.8,108.057309,100.0,100.0
2024/05/20,4.956995,7.6,2.6,101.525263,100.0,100.0
2024/05/21,4.69375,7.0,2.6,104.273687,100.0,100.0
2024/05/22,2.668367,4.7,0.8,123.138734,100.0,100.0
2024/05/24,2.181081,3.7,0.6,173.290471,100.0,100.0
2024/05/25,2.098396,4.6,0.6,131.572489,100.0,100.0
2024/05/26,3.375,4.3,1.9,165.500801,100.0,100.0
2024/05/27,2.533333,4.0,1.0,166.792873,100.0,100.0
2024/05/28,2.345,3.8,0.6,98.855792,100.0,100.0
2024/05/29,3.401942,5.2,1.0,99.036365,100.0,100.0
2024/05/30,2.4,2.5,2.3,161.0,100.0,100.0
2024/05/31,4.573913,6.0,3.1,116.643425,95.5,91.7
2024/06/01,3.117021,4.8,1.4,122.559668,100.0,100.0
2024/06/02,3.315603,5.6,1.1,100.696898,94.8,91.7
2024/06/03,3.57418,7.0,1.3,99.232408,100.0,100.0
2024/06/04,4.033333,4.3,3.8,165.333465,98.3,100.0
2024/06/05,3.46,5.3,1.8,117.260678,100.0,100.0
2024/06/06,3.372727,5.0,1.5,120.557622,100.0,100.0
2024/06/07,5.309914,7.9,3.0,101.314118,100.0,100.0
2024/06/08,3.7,6.2,1.5,120.638067,100.0,100.0
2024/06/09,2.487681,4.3,0.5,101.037234,100.0,100.0
2024/06/10,2.293377,4.7,0.9,99.005375,100.0,100.0
2024/06/11,4.368391,7.0,1.6,103.575883,100.0,100.0
2024/06/12,4.520611,6.5,2.7,106.327087,100.0,100.0
2024/06/13,2.573874,12.5,0.1,99.083033,100.0,100.0
2024/06/14,1.768333,6.3,0.1,95.294742,100.0,100.0
2024/06/15,3.093056,9.7,0.1,102.469755,100.0,100.0
2024/06/16,3.533784,12.7,0.2,102.544337,100.0,100.0
2024/06/17,3.047525,12.1,0.2,102.99117,100.0,100.0
2024/06/18,2.303922,7.9,0.0,90.265655,100.0,100.0
2024/06/19,1.453061,4.0,0.1,87.696866,100.0,100.0
2024/06/20,2.165217,7.0,0.1,101.013403,100.0,100.0
2024/06/21,2.225,7.1,0.2,161.0,100.0,100.0
2024/06/22,2.875439,10.5,0.1,99.410816,100.0,100.0
2024/06/23,3.244393,12.2,0.2,94.075316,100.0,100.0
2024/06/24,3.741429,13.4,0.1,96.867967,100.0,100.0
2024/06/25,3.673184,14.3,0.1,96.15406,100.0,100.0
2024/06/26,3.468936,13.1,0.1,98.033707,100.0,100.0
2024/06/27,3.114595,11.9,0.0,97.214747,100.0,100.0
2024/06/28,2.14152,9.4,0.1,89.882947,100.0,100.0
2024/06/29,1.827523,8.1,0.1,94.719563,100.0,100.0
2024/06/30,2.909901,11.6,0.1,100.888171,100.0,100.0
2024/07/01,3.371681,11.1,0.2,102.944583,100.0,100.0
2024/07/02,4.214522,16.4,0.3,100.337804,100.0,100.0
2024/07/03,1.944262,7.3,0.1,126.656259,100.0,100.0
2024/07/04,0.606667,2.5,0.0,48.861932,100.0,100.0
2024/07/05,1.779167,3.1,0.1,311.270915,100.0,100.0
2024/07/06,2.9,6.5,0.4,165.947228,100.0,100.0
2024/07/07,4.885437,14.8,0.1,101.604311,100.0,100.0
2024/07/08,4.219858,15.7,0.2,119.893263,100.0,100.0
2024/07/09,2.76,7.3,0.2,166.999237,100.0,100.0
2024/07/10,0.98,3.9,0.1,167.399555,100.0,100.0
2024/07/11,2.595522,12.9,0.0,127.298104,100.0,100.0
2024/07/12,3.550365,16.4,0.2,101.11779,100.0,100.0
2024/07/13,5.746888,20.4,0.2,101.707792,100.0,100.0
2024/07/14,3.656,12.5,0.2,117.096718,100.0,100.0
2024/07/15,3.618391,11.7,0.2,103.670507,100.0,100.0
2024/07/16,3.835484,11.9,0.2,119.189018,100.0,100.0
2024/07/17,4.715816,15.6,0.2,103.583224,100.0,100.0
2024/07/18,4.891892,15.5,0.5,116.835767,100.0,100.0
2024/07/19,5.0625,15.8,0.4,118.853884,100.0,100.0
2024/07/20,5.306818,14.8,0.4,117.727704,100.0,100.0
2024/07/21,4.216279,12.7,0.2,117.689444,100.0,100.0
2024/07/22,4.389247,15.9,0.3,103.752422,100.0,100.0
2024/07/23,5.0,11.3,0.7,115.444241,100.0,100.0
2024/07/24,4.379781,12.6,0.3,120.03877,100.0,100.0
2024/07/25,2.6,5.9,0.2,161.0,100.0,100.0
2024/07/26,4.579703,14.3,0.2,104.007042,100.0,100.0
2024/07/27,4.846491,14.7,0.3,102.464689,98.6,95.8
2024/07/28,3.175,6.3,0.3,164.25,100.0,100.0
2024/07/29,3.92069,14.3,0.3,101.932191,100.0,100.0
2024/07/30,4.24375,12.3,0.3,104.233872,100.0,100.0
2024/07/31,4.552778,14.7,0.3,103.830676,100.0,100.0
2024/08/01,3.716667,12.0,0.3,103.473355,100.0,100.0
2024/08/02,2.814773,9.6,0.0,104.021824,100.0,100.0
2024/08/03,2.25,9.5,0.1,166.094239,100.0,100.0
2024/08/04,2.911429,11.0,0.1,104.027156,100.0,100.0
2024/08/05,2.959701,10.7,0.1,102.519997,100.0,100.0
2024/08/06,3.205128,12.2,0.1,99.154503,100.0,100.0
2024/08/07,2.728369,10.7,0.1,99.766564,100.0,100.0
2024/08/08,2.684393,12.0,0.2,99.050296,100.0,100.0
2024/08/09,2.603571,10.0,0.0,103.473942,92.0,91.7
2024/08/10,2.152632,6.1,0.2,162.656488,100.0,100.0
2024/08/11,2.273684,8.6,0.1,100.10147,100.0,100.0
2024/08/12,4.62605,14.3,0.4,105.296829,96.5,95.8
2024/08/13,3.876687,11.6,0.3,118.820132,100.0,100.0
2024/08/14,4.219876,13.6,0.3,103.176574,100.0,100.0
2024/08/15,5.467647,18.1,0.3,103.744777,100.0,100.0
2024/08/16,3.891935,14.6,0.2,119.478314,100.0,100.0
2024/08/17,3.707018,10.9,0.2,120.616118,96.9,95.8
2024/08/18,4.34863,11.8,0.2,117.855611,98.3,95.8
2024/08/19,5.281538,15.3,0.4,104.729452,100.0,100.0
2024/08/20,5.945607,17.3,0.4,103.616303,100.0,100.0
2024/08/21,5.058772,17.7,0.2,102.474813,100.0,100.0
2024/08/22,3.856452,13.7,0.2,104.312286,100.0,100.0
2024/08/23,3.0875,7.0,0.5,169.9406,100.0,100.0
2024/08/24,3.176923,7.5,0.1,166.763609,100.0,100.0
2024/08/25,3.010588,12.4,0.1,120.228286,100.0,100.0
2024/08/26,3.433333,6.9,1.2,165.25,100.0,100.0
2024/08/27,3.252206,10.8,0.1,120.401993,100.0,100.0
2024/08/28,3.548223,13.1,0.2,121.907421,100.0,100.0
2024/08/29,2.764368,10.9,0.1,121.82343,100.0,100.0
2024/08/31,1.9125,4.5,0.5,161.249986,100.0,100.0
2024/09/01,2.714516,12.3,0.2,123.489725,97.6,95.8
2024/09/02,4.965385,15.0,0.3,116.83592,100.0,100.0
2024/09/03,3.087313,10.8,0.1,123.940534,100.0,100.0
2024/09/04,4.731048,16.6,0.4,101.668329,100.0,100.0
2024/09/05,5.145833,14.0,0.3,116.207139,100.0,100.0
2024/09/06,5.724291,18.9,0.4,101.941169,100.0,100.0
2024/09/07,4.285714,11.7,0.3,117.859312,100.0,100.0
2024/09/08,5.339474,14.4,0.4,117.271807,100.0,100.0
2024/09/09,5.810811,14.7,0.7,115.999904,100.0,100.0
2024/09/10,4.622222,12.7,0.4,116.537992,100.0,100.0
2024/09/12,4.234559,15.0,0.2,104.914985,100.0,100.0
2024/09/13,2.266667,4.4,0.2,168.668908,98.6,95.8
2024/09/14,4.625893,14.7,0.4,107.30769,100.0,100.0
2024/09/15,4.074324,12.7,0.2,107.595822,100.0,100.0
2024/09/16,3.532374,12.9,0.1,121.02298,100.0,100.0
2024/09/17,4.721552,13.3,0.3,106.483505,100.0,100.0
2024/09/18,4.581046,13.8,0.3,105.769504,100.0,100.0
2024/09/19,4.551531,14.7,0.2,104.795172,100.0,100.0
2024/09/20,4.567556,16.4,0.4,102.428026,100.0,100.0
2024/09/21,4.236879,13.5,0.2,103.415359,100.0,100.0
2024/09/22,3.055556,7.8,0.3,167.092516,100.0,100.0
2024/09/23,3.937725,12.0,0.2,102.424375,100.0,100.0
2024/09/24,4.237956,15.5,0.2,105.395692,95.8,91.7
2024/09/25,3.75,9.9,0.4,168.0,100.0,100.0
2024/09/26,2.833333,6.2,0.5,181.559816,100.0,100.0
2024/09/27,1.785714,4.4,0.1,312.675992,100.0,100.0
2024/09/28,1.035714,5.9,0.0,131.18614,100.0,100.0
2024/09/29,1.615385,5.1,0.0,179.725943,100.0,100.0
2024/09/30,2.250847,7.1,0.0,95.964362,100.0,100.0
2024/10/01,2.453939,9.3,0.1,94.700499,100.0,100.0
2024/10/02,2.131304,7.4,0.1,94.165006,100.0,100.0
2024/10/03,2.37377,10.2,0.0,100.121644,100.0,100.0
2024/10/04,2.788038,10.6,0.1,96.986996,100.0,100.0
2024/10/05,2.341096,9.0,0.1,93.713769,100.0,100.0
2024/10/06,2.041414,8.5,0.1,90.145767,100.0,100.0
2024/10/07,2.155294,8.3,0.0,90.58394,100.0,100.0
2024/10/08,2.185211,9.3,0.0,94.882232,100.0,100.0
2024/10/09,2.135714,8.2,0.1,173.632028,100.0,100.0
2024/10/10,1.738889,8.7,0.1,169.476496,100.0,100.0
2024/10/11,2.638462,9.4,0.1,102.305871,100.0,100.0
2024/10/12,3.465789,10.9,0.1,104.291027,100.0,100.0
2024/10/13,4.475472,13.5,0.2,104.030334,100.0,100.0
2024/10/14,4.543388,16.6,0.2,101.567641,100.0,100.0
2024/10/15,4.379817,14.4,0.2,99.98229,100.0,100.0
2025/02/25,1.830233,6.7,0.1,166.8764,100.0,100.0
2025/02/26,1.611111,6.7,0.0,95.107711,100.0,100.0
2025/02/27,1.895455,7.9,0.0,91.326217,100.0,100.0
2025/02/28,1.581633,4.7,0.1,307.313072,100.0,100.0
2025/03/01,1.352,3.3,0.1,350.057739,100.0,100.0
2025/03/02,1.928477,6.4,0.1,307.594945,100.0,100.0
2025/03/03,1.693333,5.5,0.1,232.654448,100.0,100.0
2025/03/04,1.982609,5.5,0.1,185.097777,100.0,100.0
2025/03/05,1.7125,5.8,0.1,240.114078,100.0,100.0
2025/03/06,2.402299,8.7,0.1,304.512195,100.0,100.0
2025/03/07,2.086286,8.6,0.0,312.007206,100.0,100.0
2025/03/08,1.726582,7.5,0.1,278.617482,100.0,100.0
2025/03/09,1.167647,5.7,0.0,226.461733,100.0,100.0
2025/03/10,1.912059,5.7,0.102,184.342883,100.0,100.0
2025/03/11,0.6408,2.0,0.0,38.717919,100.0,100.0
2025/03/12,0.992741,3.297,0.0,47.870126,100.0,100.0
2025/03/13,1.67946,6.5,0.102,278.976178,100.0,100.0
2025/03/14,1.91281,7.7,0.1,309.728465,100.0,100.0
2025/03/15,0.2,0.6,0.0,242.0,100.0,100.0
2025/03/16,1.680645,6.4,0.1,129.987448,100.0,100.0
2025/03/17,1.430303,5.6,0.0,168.764419,100.0,100.0
2025/03/18,1.497674,5.7,0.0,176.785893,100.0,100.0
2025/03/19,1.3125,3.6,0.2,288.250127,100.0,100.0
2025/03/20,2.095348,9.5,0.102,124.221334,100.0,100.0
2025/03/21,3.069916,10.5,0.203,121.812718,100.0,100.0
2025/03/22,3.964331,13.398,0.102,121.426418,100.0,100.0
2025/03/23,4.215611,14.703,0.297,107.733814,100.0,100.0
2025/03/24,2.164889,7.102,0.203,169.383469,100.0,100.0
2025/03/25,1.644886,5.898,0.102,168.983863,100.0,100.0
2025/03/26,1.203,2.797,0.297,65.0,100.0,100.0
2025/03/27,0.7,0.9,0.5,279.0,99.7,100.0
2025/03/28,1.632258,6.7,0.0,177.444505,100.0,100.0
2025/03/29,1.317143,5.0,0.0,136.831765,100.0,100.0
2025/03/30,1.798582,5.2,0.0,311.120154,100.0,100.0
2025/03/31,1.951163,5.1,0.0,279.4591,99.3,100.0
2025/04/01,1.798039,6.0,0.0,176.726735,95.1,95.8
2025/04/02,0.45,1.2,0.0,219.39477,93.8,91.7
2025/04/03,1.846512,5.4,0.1,167.670715,100.0,100.0
2025/04/04,1.938272,7.6,0.0,94.605118,100.0,100.0
2025/04/06,1.755319,6.1,0.1,169.004926,100.0,100.0
2025/04/07,1.166667,1.9,0.1,352.23228,100.0,100.0
2025/04/08,2.433333,7.3,0.1,175.709084,100.0,100.0
2025/04/09,1.15,2.3,0.1,160.0,100.0,100.0
2025/04/10,1.3,5.0,0.0,236.125844,100.0,100.0
2025/04/11,2.690625,5.4,0.0,340.751571,100.0,100.0
2025/04/12,1.133333,5.4,0.0,46.175816,100.0,100.0
2025/04/13,1.818519,5.3,0.1,165.2585,100.0,100.0
2025/04/14,1.976471,5.6,0.1,161.337781,94.4,91.7
2025/04/15,3.115271,10.7,0.2,124.974538,100.0,100.0
2025/04/16,0.2,1.1,0.1,239.0,100.0,100.0
2025/04/17,3.042537,10.5,0.1,122.942848,100.0,100.0
2025/04/18,4.18595,17.7,0.2,119.826036,100.0,100.0
2025/04/19,3.478161,13.0,0.1,103.87771,100.0,100.0
2025/04/21,1.827941,7.1,0.1,129.214505,98.6,95.8
2025/04/22,1.238235,6.6,0.0,51.2428,100.0,100.0
2025/04/23,1.366667,6.0,0.0,131.918601,95.1,95.8
2025/04/24,1.235714,3.4,0.1,270.792186,99.7,100.0
2025/04/25,1.3,3.8,0.1,5.029907,99.3,100.0
2025/04/26,0.98,3.4,0.1,215.583437,100.0,100.0
2025/04/27,1.242857,4.9,0.1,93.442753,100.0,100.0
2025/04/28,1.72973,7.1,0.0,127.753788,100.0,100.0
2025/04/29,0.55,1.2,0.1,359.330995,90.3,87.5
2025/04/30,1.3,4.5,0.4,61.442849,96.9,95.8
2025/05/01,0.92,2.2,0.3,57.619374,100.0,100.0
2025/05/02,3.0,7.1,0.5,60.0,100.0,100.0
2025/05/03,0.3,0.8,0.0,280.830527,100.0,100.0
2025/05/04,3.119565,8.9,0.2,170.302099,100.0,100.0
2025/05/05,2.312,8.5,0.1,121.480625,99.3,100.0
2025/05/06,0.2,1.1,0.0,334.0,99.3,100.0
2025/05/07,2.463218,9.3,0.1,96.449767,100.0,100.0
2025/05/08,0.933333,1.9,0.1,266.014684,100.0,100.0
2025/05/09,3.708696,17.1,0.2,105.187681,100.0,100.0
2025/05/10,6.386667,21.2,0.4,107.4241,100.0,100.0
2025/05/11,7.335317,25.0,0.4,100.861878,100.0,100.0
2025/05/12,3.864,14.7,0.3,121.552934,100.0,100.0
2025/05/13,2.336986,9.7,0.1,122.133334,100.0,100.0
2025/05/14,3.082022,11.8,0.1,95.328604,100.0,100.0
2025/05/15,3.063317,11.2,0.1,99.813075,100.0,100.0
2025/05/16,1.3,3.5,0.2,309.121153,100.0,100.0
2025/05/17,2.137313,5.9,0.1,283.658208,100.0,100.0
2025/05/18,1.792308,4.3,0.1,349.88996,100.0,100.0
2025/05/19,2.394118,4.5,0.1,281.104757,100.0,100.0
2025/05/20,2.3,4.6,0.6,160.0,100.0,100.0
2025/05/21,2.952427,10.8,0.1,122.82061,100.0,100.0
2025/05/22,2.8,5.9,0.3,164.800959,100.0,100.0
2025/05/23,3.168421,13.3,0.1,120.178513,100.0,100.0
2025/05/24,3.382803,13.7,0.1,99.005432,100.0,100.0
2025/05/25,2.76,6.6,0.4,165.0,100.0,100.0
2025/05/26,3.084768,10.2,0.1,100.684663,100.0,100.0
2025/05/27,2.930952,13.3,0.1,121.799618,100.0,100.0
2025/05/28,3.615385,12.0,0.3,120.808898,100.0,100.0
2025/05/29,4.430055,12.3,0.3,119.863312,100.0,100.0
2025/05/30,4.119079,12.4,0.2,120.902339,100.0,100.0
2025/05/31,2.705455,9.1,0.1,122.832057,100.0,100.0
2025/06/01,3.083333,7.0,0.7,159.999047,100.0,100.0
2025/06/02,3.327848,12.4,0.1,122.568101,100.0,100.0
2025/06/03,4.8181,16.5,0.2,100.59666,100.0,100.0
2025/06/04,2.7,9.0,0.1,123.199567,100.0,100.0
2025/06/05,2.8125,10.3,0.2,121.160785,100.0,100.0
