fecha,valor,max_abs,min_abs,completo_mediciones,completo_umbral
2021/07/17,78.722222,777.0,0.0,100.0,100.0
2021/07/18,61.944445,657.0,0.0,100.0,100.0
2021/07/19,71.708333,533.0,0.0,100.0,100.0
2021/07/20,108.763889,1257.0,0.0,100.0,100.0
2021/07/21,121.427083,1400.0,0.0,100.0,100.0
2021/07/22,64.909722,1289.0,0.0,100.0,100.0
2021/07/23,38.920139,354.0,0.0,100.0,100.0
2021/07/24,75.100694,593.0,0.0,100.0,100.0
2021/07/25,133.204861,1400.0,0.0,100.0,100.0
2021/07/26,92.076389,1079.0,0.0,100.0,100.0
2021/07/27,130.826389,1400.0,0.0,100.0,100.0
2021/07/28,129.454861,1400.0,0.0,100.0,100.0
2021/07/29,148.920139,1400.0,0.0,100.0,100.0
2021/07/30,87.934028,847.0,0.0,100.0,100.0
2021/07/31,242.927083,1400.0,0.0,100.0,100.0
2021/08/01,132.357639,1348.0,0.0,100.0,100.0
2021/08/02,109.965278,1033.0,0.0,100.0,100.0
2021/08/03,107.909722,1346.0,0.0,100.0,100.0
2021/08/04,249.84375,1400.0,0.0,100.0,100.0
2021/08/05,275.650955,1511.36,0.0,100.0,100.0
2021/08/06,76.424306,915.0,0.0,100.0,100.0
2021/08/07,174.017361,1400.0,0.0,100.0,100.0
2021/08/08,203.652778,1400.0,0.0,100.0,100.0
2021/08/09,97.538194,942.0,0.0,100.0,100.0
2021/08/10,112.697917,1400.0,0.0,100.0,100.0
2021/08/11,47.618056,354.0,0.0,100.0,100.0
2021/08/12,51.482639,453.0,0.0,100.0,100.0
2021/08/13,162.756944,1400.0,0.0,100.0,100.0
2021/08/14,196.704861,1400.0,0.0,100.0,100.0
2021/08/15,185.232639,1400.0,0.0,100.0,100.0
2021/08/16,87.003472,1313.0,0.0,100.0,100.0
2021/08/17,86.270833,1400.0,0.0,100.0,100.0
2021/08/18,62.548611,467.0,0.0,100.0,100.0
2021/08/19,92.336806,1382.0,0.0,100.0,100.0
2021/08/20,248.75,1400.0,0.0,100.0,100.0
2021/08/21,151.475694,1400.0,0.0,100.0,100.0
2021/08/22,68.159722,911.0,0.0,100.0,100.0
2021/08/23,129.638889,1400.0,0.0,100.0,100.0
2021/08/24,198.826389,1400.0,0.0,100.0,100.0
2021/08/25,146.576389,1400.0,0.0,100.0,100.0
2021/08/26,66.979167,641.0,0.0,100.0,100.0
2021/08/27,65.420139,939.0,0.0,100.0,100.0
2021/08/28,72.001052,1019.426,0.0,100.0,100.0
2021/08/29,107.982639,915.0,0.0,100.0,100.0
2021/08/30,101.666667,1133.0,0.0,100.0,100.0
2021/08/31,159.098125,1662.888,0.0,85.4,83.3
2021/09/01,177.194445,1400.0,0.0,100.0,100.0
2021/09/02,157.152778,1400.0,0.0,100.0,100.0
2021/09/03,128.694444,1400.0,0.0,100.0,100.0
2021/09/04,90.90625,1353.0,0.0,100.0,100.0
2021/09/05,136.034722,1360.0,0.0,100.0,100.0
2021/09/06,81.423611,568.0,0.0,100.0,100.0
2021/09/07,174.229167,1400.0,0.0,100.0,100.0
2021/09/08,138.947917,1400.0,0.0,100.0,100.0
2021/09/09,209.010417,1400.0,0.0,100.0,100.0
2021/09/10,146.756944,1400.0,0.0,100.0,100.0
2021/09/11,98.579861,922.0,0.0,100.0,100.0
2021/09/12,87.940972,773.0,0.0,100.0,100.0
2021/09/13,101.864583,1400.0,0.0,100.0,100.0
2021/09/14,244.25,1400.0,0.0,100.0,100.0
2021/09/15,121.496528,1400.0,0.0,100.0,100.0
2021/09/16,78.489583,1348.0,0.0,100.0,100.0
2021/09/17,124.611111,1400.0,0.0,100.0,100.0
2021/09/18,129.854167,1400.0,0.0,100.0,100.0
2021/09/19,199.229167,1400.0,0.0,100.0,100.0
2021/09/20,70.215278,1400.0,0.0,100.0,100.0
2021/09/21,79.746528,1400.0,0.0,99.0,100.0
2021/09/22,87.555556,975.0,0.0,100.0,100.0
2021/09/23,57.75,384.0,0.0,100.0,100.0
2021/09/24,88.121528,1016.0,0.0,100.0,100.0
2021/09/25,40.03125,281.0,0.0,100.0,100.0
2021/09/26,130.934028,1325.0,0.0,100.0,100.0
2021/09/27,284.684028,1400.0,0.0,100.0,100.0
2021/09/28,241.309028,1400.0,0.0,100.0,100.0
2021/09/29,169.947917,1400.0,0.0,100.0,100.0
2021/09/30,164.614583,1400.0,0.0,100.0,100.0
2021/10/01,180.076389,1400.0,0.0,100.0,100.0
2021/10/02,209.173611,1400.0,0.0,100.0,100.0
2021/10/03,254.795139,1400.0,0.0,100.0,100.0
2021/10/04,124.625,1400.0,0.0,100.0,100.0
2021/10/05,85.069444,1193.0,0.0,100.0,100.0
2021/10/06,108.121528,1138.0,0.0,100.0,100.0
2021/10/07,137.190972,1400.0,0.0,100.0,100.0
2021/10/08,172.552083,1400.0,0.0,100.0,100.0
2021/10/09,267.701389,1400.0,0.0,100.0,100.0
2021/10/10,75.44851,595.0,0.0,100.0,100.0
2021/10/11,203.758219,1540.453,0.0,100.0,100.0
2021/10/12,177.800951,1684.199,0.0,100.0,100.0
2021/10/13,183.226236,1682.052,0.0,100.0,100.0
2021/10/14,290.161229,1508.99,0.0,100.0,100.0
2021/10/15,171.183611,1435.181,0.0,100.0,100.0
2021/10/16,114.668465,1578.604,0.0,100.0,100.0
2021/10/17,126.749272,996.772,0.0,79.2,79.2
2021/10/19,207.364826,1678.682,0.0,100.0,100.0
2021/10/20,189.017611,1655.613,0.0,100.0,100.0
2021/10/21,82.258958,1275.963,0.0,100.0,100.0
2021/10/22,193.649871,1437.242,0.0,100.0,100.0
2021/10/23,179.411365,1634.035,0.0,100.0,100.0
2021/10/24,161.45116,1526.698,0.0,100.0,100.0
2021/10/25,129.353969,1552.343,0.0,100.0,100.0
2021/10/26,159.058729,1093.492,0.0,100.0,100.0
2021/10/27,217.326198,1561.209,0.0,100.0,100.0
2021/10/28,169.583403,1586.777,0.0,100.0,100.0
2021/10/29,113.48608,894.606,0.0,100.0,100.0
2021/10/30,144.700004,1434.164,0.0,100.0,100.0
2021/10/31,236.208333,1679.749,0.0,100.0,100.0
2021/11/01,179.170257,1693.282,0.0,100.0,100.0
2021/11/02,175.546715,1186.433,0.0,100.0,100.0
2021/11/03,283.573194,1473.762,0.0,100.0,100.0
2021/11/04,309.569986,1441.521,0.0,100.0,100.0
2021/11/05,154.765951,1378.197,0.0,100.0,100.0
2021/11/06,84.842597,768.658,0.0,100.0,100.0
2021/11/07,106.804253,1520.432,0.0,100.0,100.0
2021/11/08,161.858649,1499.788,0.0,100.0,100.0
2021/11/09,110.308111,1141.347,0.0,100.0,100.0
2021/11/10,117.693014,1115.522,0.0,100.0,100.0
2021/11/11,98.25341,875.573,0.0,100.0,100.0
2021/11/12,85.072156,1042.295,0.0,100.0,100.0
2021/11/13,103.218764,1342.146,0.0,100.0,100.0
2021/11/14,176.631358,1555.209,0.0,100.0,100.0
2021/11/15,148.695934,1606.993,0.0,100.0,100.0
2021/11/16,125.350083,1509.818,0.0,100.0,100.0
2021/11/17,205.387104,1199.442,0.0,100.0,100.0
2021/11/18,133.629705,1501.069,0.0,100.0,100.0
2021/11/19,134.559142,1559.88,0.0,100.0,100.0
2021/11/20,74.949559,1321.171,0.0,100.0,100.0
2021/11/21,82.557771,913.414,0.0,100.0,100.0
2021/11/22,143.240882,961.912,0.0,100.0,100.0
2021/11/23,119.964851,1461.865,0.0,100.0,100.0
2021/11/24,142.368271,1282.947,0.0,100.0,100.0
2021/11/25,73.370937,500.176,0.0,100.0,100.0
2021/11/26,147.339347,1260.117,0.0,100.0,100.0
2021/11/27,236.749969,1376.874,0.0,100.0,100.0
2021/11/28,279.014712,1555.294,0.0,100.0,100.0
2021/11/29,98.312483,1326.145,0.0,100.0,100.0
2021/11/30,89.588826,674.126,0.0,100.0,100.0
2021/12/01,155.444556,1672.1,0.0,100.0,100.0
2021/12/02,196.735733,1623.564,0.0,100.0,100.0
2021/12/03,126.120358,1004.735,0.0,100.0,100.0
2021/12/04,108.205691,1002.051,0.0,100.0,100.0
2021/12/05,165.100993,1614.237,0.0,100.0,100.0
2021/12/06,138.674003,1554.137,0.0,100.0,100.0
2021/12/07,73.347396,805.023,0.0,100.0,100.0
2021/12/08,104.552757,1540.032,0.0,100.0,100.0
2021/12/09,158.110706,1400.0,0.0,99.0,100.0
2021/12/10,107.159722,1400.0,0.0,100.0,100.0
2021/12/11,85.118056,1369.0,0.0,100.0,100.0
2021/12/12,161.958333,1400.0,0.0,100.0,100.0
2021/12/13,111.805556,663.0,0.0,100.0,100.0
2021/12/14,96.486111,594.0,0.0,100.0,100.0
2021/12/15,129.465278,1400.0,0.0,100.0,100.0
2021/12/16,84.923611,744.0,0.0,100.0,100.0
2021/12/17,92.555556,848.0,0.0,100.0,100.0
2021/12/18,84.239583,884.0,0.0,100.0,100.0
2021/12/19,102.364583,1018.0,0.0,100.0,100.0
2021/12/20,106.395833,1302.0,0.0,100.0,100.0
2021/12/21,192.871528,1400.0,0.0,100.0,100.0
2021/12/22,227.322424,1495.478,0.0,96.9,95.8
2022/01/08,298.520833,1400.0,0.0,100.0,100.0
2022/01/09,203.711806,1371.0,0.0,100.0,100.0
2022/01/10,171.855969,1673.317,0.0,100.0,100.0
2022/01/11,127.390569,1403.51,0.0,100.0,100.0
2022/01/12,143.861458,1499.521,0.0,100.0,100.0
2022/01/13,66.512885,1126.82,0.0,100.0,100.0
2022/01/14,105.478382,1528.235,0.0,100.0,100.0
2022/01/15,119.080024,1326.248,0.0,100.0,100.0
2022/01/16,86.865188,1394.233,0.0,100.0,100.0
2022/01/17,129.476566,1548.931,0.0,100.0,100.0
2022/01/18,110.394278,1337.523,0.0,100.0,100.0
2022/01/19,70.614368,1200.821,0.0,100.0,100.0
2022/01/20,53.933663,456.16,0.0,100.0,100.0
2022/01/21,93.085052,1009.901,0.0,100.0,100.0
2022/01/22,108.741052,1373.559,0.0,100.0,100.0
2022/01/23,159.367122,1451.809,0.0,100.0,100.0
2022/01/26,115.028535,1498.664,0.0,100.0,100.0
2022/01/27,75.235285,945.411,0.0,100.0,100.0
2022/01/28,255.164833,1677.53,0.0,100.0,100.0
2022/01/29,172.655177,1479.801,0.0,100.0,100.0
2022/01/30,104.756788,1279.676,0.0,100.0,100.0
2022/01/31,131.182806,1265.841,0.0,100.0,100.0
2022/02/01,104.017375,621.698,0.0,100.0,100.0
2022/02/02,118.178681,1539.051,0.0,100.0,100.0
2022/02/03,211.185635,1507.723,0.0,100.0,100.0
2022/02/04,200.684271,1460.392,0.0,100.0,100.0
2022/02/05,152.737132,1555.785,0.0,100.0,100.0
2022/02/06,86.188771,977.429,0.0,100.0,100.0
2022/02/07,89.910177,925.113,0.0,100.0,100.0
2022/02/08,51.00858,292.071,0.0,100.0,100.0
2022/02/09,127.342816,1662.177,0.0,100.0,100.0
2022/02/10,153.409417,1733.478,0.0,100.0,100.0
2022/02/11,132.200948,1528.681,0.0,100.0,100.0
2022/02/12,98.859545,990.81,0.0,100.0,100.0
2022/02/13,101.788715,1087.524,0.0,100.0,100.0
2022/02/14,210.656403,1523.846,0.0,100.0,100.0
2022/02/15,69.950445,613.098,0.0,100.0,100.0
2022/02/16,107.570337,723.474,0.0,100.0,100.0
2022/02/17,220.31225,1741.719,0.0,100.0,100.0
2022/02/18,154.898882,1415.552,0.0,100.0,100.0
2022/02/19,222.005208,1755.154,0.0,100.0,100.0
2022/02/20,116.28917,1242.941,0.0,100.0,100.0
2022/02/21,164.466413,1461.789,0.0,100.0,100.0
2022/02/22,125.495688,1607.915,0.0,100.0,100.0
2022/02/23,150.140458,1570.478,0.0,100.0,100.0
2022/02/24,125.940566,1508.995,0.0,100.0,100.0
2022/02/25,113.975642,1017.615,0.0,100.0,100.0
2022/02/26,74.931059,661.761,0.0,100.0,100.0
2022/02/27,70.908677,494.59,0.0,100.0,100.0
2022/02/28,150.486076,1631.007,0.0,100.0,100.0
2022/03/01,137.405726,1757.083,0.0,100.0,100.0
2022/03/02,85.041389,1104.763,0.0,100.0,100.0
2022/03/03,71.584326,789.922,0.0,100.0,100.0
2022/03/04,91.888469,958.373,0.0,100.0,100.0
2022/03/05,140.881931,1782.641,0.0,100.0,100.0
2022/03/06,72.776698,624.525,0.0,100.0,100.0
2022/03/07,95.826653,1081.322,0.0,100.0,100.0
2022/03/08,74.477125,428.387,0.0,100.0,100.0
2022/03/09,258.588587,1571.773,0.0,100.0,100.0
2022/03/10,212.489872,1603.896,0.0,100.0,100.0
2022/03/11,147.577302,1608.391,0.0,100.0,100.0
2022/03/12,129.614156,1454.42,0.0,100.0,100.0
2022/03/13,93.324538,1016.503,0.0,100.0,100.0
2022/03/14,103.4115,1080.039,0.0,100.0,100.0
2022/03/15,98.727288,966.21,0.0,100.0,100.0
2022/03/16,162.131094,1494.594,0.0,100.0,100.0
2022/03/17,96.538781,1297.911,0.0,100.0,100.0
2022/03/18,106.566722,1063.465,0.0,100.0,100.0
2022/03/19,71.778785,762.407,0.0,100.0,100.0
2022/03/20,140.57608,1695.204,0.0,100.0,100.0
2022/03/21,119.734695,1164.692,0.0,100.0,100.0
2022/03/22,136.822601,1843.289,0.0,100.0,100.0
2022/03/23,151.485681,1640.091,0.0,100.0,100.0
2022/03/24,76.528427,875.094,0.0,100.0,100.0
2022/03/25,99.512229,1265.62,0.0,100.0,100.0
2022/03/26,67.490635,756.023,0.0,100.0,100.0
2022/03/27,58.296604,969.08,0.0,100.0,100.0
2022/03/28,112.115369,1177.61,0.0,99.7,100.0
2022/03/29,108.801194,1679.717,0.0,100.0,100.0
2022/03/30,91.348524,922.232,0.0,100.0,100.0
2022/03/31,75.154729,1111.477,0.0,100.0,100.0
2022/04/01,94.839941,639.006,0.0,100.0,100.0
2022/04/02,76.667458,1213.321,0.0,100.0,100.0
2022/04/03,291.908243,1631.437,0.0,100.0,100.0
2022/04/04,155.980812,1646.054,0.0,100.0,100.0
2022/04/05,100.913358,1243.935,0.0,100.0,100.0
2022/04/06,141.59001,1514.719,0.0,100.0,100.0
2022/04/07,192.792601,1783.265,0.0,100.0,100.0
2022/04/08,156.626333,1651.035,0.0,100.0,100.0
2022/04/09,97.131927,1309.709,0.0,100.0,100.0
2022/04/10,121.866798,1540.882,0.0,100.0,100.0
2022/04/11,113.656403,1016.576,0.0,100.0,100.0
2022/04/12,59.752951,498.167,0.0,100.0,100.0
2022/04/13,59.469271,365.991,0.0,100.0,100.0
2022/04/14,56.73266,494.436,0.0,100.0,100.0
2022/04/15,71.9255,773.85,0.0,100.0,100.0
2022/04/16,133.212851,1228.672,0.0,100.0,100.0
2022/04/17,136.499556,1110.304,0.0,100.0,100.0
2022/04/18,218.745419,1400.0,0.0,99.7,100.0
2022/04/19,97.956646,812.167,0.0,100.0,100.0
2022/04/20,66.331219,462.542,0.0,100.0,100.0
2022/04/21,152.921451,1503.491,0.0,100.0,100.0
2022/04/22,146.885885,1709.572,0.0,100.0,100.0
2022/04/23,120.392813,1347.056,0.0,100.0,100.0
2022/04/24,149.101875,1229.321,0.0,100.0,100.0
2022/04/25,105.735601,1199.502,0.0,100.0,100.0
2022/04/26,195.430708,1444.132,0.0,100.0,100.0
2022/04/27,249.408767,1573.053,0.0,100.0,100.0
2022/04/28,100.211913,680.13,0.0,100.0,100.0
2022/04/29,82.027444,471.888,0.0,100.0,100.0
2022/04/30,93.271632,1034.615,0.0,100.0,100.0
2022/05/01,190.540785,1560.981,0.0,100.0,100.0
2022/05/02,187.798653,1556.696,0.0,100.0,100.0
2022/05/03,238.058385,1549.764,0.0,100.0,100.0
2022/05/04,71.837337,719.936,0.0,100.0,100.0
2022/05/05,72.634851,622.344,0.0,100.0,100.0
2022/05/06,141.722952,1496.161,0.0,100.0,100.0
2022/05/07,157.885788,1560.512,0.0,100.0,100.0
2022/05/08,198.51491,1695.861,0.0,100.0,100.0
2022/05/09,211.897476,1370.147,0.0,100.0,100.0
2022/05/10,201.766292,1685.359,0.0,100.0,100.0
2022/05/11,135.393778,1174.667,0.0,100.0,100.0
2022/05/12,142.776302,1652.96,0.0,100.0,100.0
2022/05/13,80.698285,846.396,0.0,100.0,100.0
2022/05/14,70.798688,903.739,0.0,100.0,100.0
2022/05/15,87.190431,1587.268,0.0,100.0,100.0
2022/05/16,77.167972,1288.488,0.0,100.0,100.0
2022/05/17,76.791323,540.033,0.0,100.0,100.0
2022/05/18,132.86643,1261.896,0.0,100.0,100.0
2022/05/19,177.716521,1580.849,0.0,100.0,100.0
2022/05/20,132.061885,1503.9,0.0,100.0,100.0
2022/05/21,268.256118,1431.17,0.0,100.0,100.0
2022/05/22,242.255226,1436.966,0.0,100.0,100.0
2022/05/23,122.749681,1433.332,0.0,100.0,100.0
2022/05/24,100.667788,1299.208,0.0,100.0,100.0
2022/05/25,70.42234,636.802,0.0,100.0,100.0
2022/05/26,88.250563,1142.961,0.0,100.0,100.0
2022/05/27,68.459722,489.591,0.0,100.0,100.0
2022/05/28,87.748802,903.672,0.0,100.0,100.0
2022/05/29,129.684757,1463.137,0.0,100.0,100.0
2022/05/30,67.96408,695.995,0.0,100.0,100.0
2022/05/31,193.594069,1596.694,0.0,100.0,100.0
2022/06/01,114.040826,1184.719,0.0,100.0,100.0
2022/06/02,191.063931,1504.542,0.0,100.0,100.0
2022/06/03,54.67824,379.497,0.0,100.0,100.0
2022/06/04,89.063142,1233.694,0.0,100.0,100.0
2022/06/05,189.75467,1481.973,0.0,100.0,100.0
2022/06/06,160.96982,1377.0,0.0,100.0,100.0
2022/06/07,165.902778,1400.0,0.0,100.0,100.0
2022/06/08,99.677083,999.0,0.0,100.0,100.0
2022/06/09,103.378472,1247.0,0.0,100.0,100.0
2022/06/10,88.895833,853.0,0.0,100.0,100.0
2022/06/11,98.097222,821.0,0.0,100.0,100.0
2022/06/12,117.003472,1139.0,0.0,100.0,100.0
2022/06/13,129.927083,1056.0,0.0,100.0,100.0
2022/06/14,149.236111,1400.0,0.0,100.0,100.0
2022/06/15,145.78125,1400.0,0.0,100.0,100.0
2022/06/16,214.642361,1400.0,0.0,100.0,100.0
2022/06/17,230.21875,1400.0,0.0,100.0,100.0
2022/06/18,95.052083,878.0,0.0,100.0,100.0
2022/06/19,137.447917,1400.0,0.0,100.0,100.0
2022/06/20,103.381944,1090.0,0.0,100.0,100.0
2022/06/21,160.055556,1400.0,0.0,100.0,100.0
2022/06/22,74.361111,1038.0,0.0,100.0,100.0
2022/06/23,80.024305,757.0,0.0,100.0,100.0
2022/06/24,102.465278,1091.0,0.0,100.0,100.0
2022/06/25,76.236111,457.0,0.0,100.0,100.0
2022/06/26,52.222222,1008.0,0.0,100.0,100.0
2022/06/27,180.3125,1400.0,0.0,100.0,100.0
2022/06/28,259.572917,1294.0,0.0,100.0,100.0
2022/06/29,140.454861,1400.0,0.0,100.0,100.0
2022/06/30,141.482639,1333.0,0.0,100.0,100.0
2022/07/01,172.927083,1400.0,0.0,100.0,100.0
2022/07/02,79.59375,1161.0,0.0,100.0,100.0
2022/07/03,59.40625,786.0,0.0,100.0,100.0
2022/07/04,50.701389,523.0,0.0,100.0,100.0
2022/07/05,67.774306,521.0,0.0,100.0,100.0
2022/07/06,93.972222,792.0,0.0,100.0,100.0
2022/07/07,182.097222,1400.0,0.0,100.0,100.0
2022/07/08,64.694444,787.0,0.0,100.0,100.0
2022/07/09,82.96875,1093.0,0.0,100.0,100.0
2022/07/10,79.736111,790.0,0.0,100.0,100.0
2022/07/11,196.024306,1400.0,0.0,100.0,100.0
2022/07/12,150.673611,1400.0,0.0,100.0,100.0
2022/07/13,84.569444,805.0,0.0,100.0,100.0
2022/07/14,126.711806,1400.0,0.0,100.0,100.0
2022/07/15,175.913194,1392.0,0.0,100.0,100.0
2022/07/16,150.788194,1400.0,0.0,100.0,100.0
2022/07/17,58.819444,451.0,0.0,100.0,100.0
2022/07/18,54.069444,410.0,0.0,100.0,100.0
2022/07/19,90.711806,999.0,0.0,100.0,100.0
2022/07/20,78.836806,737.0,0.0,100.0,100.0
2022/07/21,65.916736,451.274,0.0,100.0,100.0
2022/07/22,86.424351,1287.292,0.0,100.0,100.0
2022/07/23,122.227434,1268.283,0.0,100.0,100.0
2022/07/24,101.080875,1425.61,0.0,100.0,100.0
2022/07/25,196.926767,1428.219,0.0,100.0,100.0
2022/07/26,91.542979,1013.0,0.0,100.0,100.0
2022/07/27,78.892361,948.0,0.0,100.0,100.0
2022/07/28,151.256944,1400.0,0.0,100.0,100.0
2022/07/29,259.836806,1400.0,0.0,100.0,100.0
2022/07/30,157.711806,1400.0,0.0,100.0,100.0
2022/07/31,190.263889,1400.0,0.0,100.0,100.0
2022/08/01,189.666667,1400.0,0.0,100.0,100.0
2022/08/02,143.847222,1400.0,0.0,100.0,100.0
2022/08/03,153.986111,1400.0,0.0,100.0,100.0
2022/08/04,71.53125,1400.0,0.0,100.0,100.0
2022/08/05,68.065972,594.0,0.0,100.0,100.0
2022/08/06,85.079861,1222.0,0.0,100.0,100.0
2022/08/07,103.774306,1400.0,0.0,100.0,100.0
2022/08/08,74.4375,813.0,0.0,100.0,100.0
2022/08/09,73.59375,884.0,0.0,100.0,100.0
2022/08/10,43.934028,291.0,0.0,100.0,100.0
2022/08/11,65.829861,628.0,0.0,100.0,100.0
2022/08/12,277.965278,1243.0,0.0,100.0,100.0
2022/08/13,316.670139,1123.0,0.0,100.0,100.0
2022/08/14,205.753472,1400.0,0.0,100.0,100.0
2022/08/15,87.065972,921.0,0.0,100.0,100.0
2022/08/16,168.503472,1400.0,0.0,100.0,100.0
2022/08/17,271.802083,1400.0,0.0,100.0,100.0
2022/08/18,314.263889,1335.0,0.0,100.0,100.0
2022/08/19,108.520833,1400.0,0.0,100.0,100.0
2022/08/20,54.861111,338.0,0.0,100.0,100.0
2022/08/21,84.642361,1400.0,0.0,100.0,100.0
2022/08/22,222.649306,1400.0,0.0,100.0,100.0
2022/08/23,299.125,1400.0,0.0,100.0,100.0
2022/08/24,228.402778,1400.0,0.0,100.0,100.0
2022/08/25,80.604167,786.0,0.0,100.0,100.0
2022/08/26,106.4375,1198.0,0.0,100.0,100.0
2022/08/27,161.770833,1400.0,0.0,100.0,100.0
2022/08/28,109.996528,1400.0,0.0,100.0,100.0
2022/08/29,50.638889,384.0,0.0,100.0,100.0
2022/08/30,38.440972,458.0,0.0,100.0,100.0
2022/08/31,137.697917,1400.0,0.0,100.0,100.0
2022/09/01,255.399306,1400.0,0.0,100.0,100.0
2022/09/02,203.809028,1400.0,0.0,100.0,100.0
2022/09/03,67.121528,582.0,0.0,100.0,100.0
2022/09/04,57.590278,1038.0,0.0,100.0,100.0
2022/09/05,40.878472,565.0,0.0,100.0,100.0
2022/09/06,58.565972,626.0,0.0,100.0,100.0
2022/09/07,57.045139,392.0,0.0,100.0,100.0
2022/09/08,337.552083,1394.0,0.0,100.0,100.0
2022/09/09,250.149306,1400.0,0.0,100.0,100.0
2022/09/10,59.253472,838.0,0.0,100.0,100.0
2022/09/11,98.006945,1400.0,0.0,100.0,100.0
2022/09/12,321.659722,1397.0,0.0,100.0,100.0
2022/09/13,336.086806,1383.0,0.0,100.0,100.0
2022/09/14,127.298611,1239.0,0.0,100.0,100.0
2022/09/15,193.159722,1400.0,0.0,100.0,100.0
2022/09/16,122.524201,1322.87,0.0,100.0,100.0
2022/09/17,143.912903,1655.51,0.0,100.0,100.0
2022/09/18,308.153785,1314.318,0.0,100.0,100.0
2022/09/19,335.508563,1362.97,0.0,100.0,100.0
2022/09/20,264.868479,1559.383,0.0,100.0,100.0
2022/09/21,245.647372,1495.031,0.0,100.0,100.0
2022/09/22,306.538247,1307.741,0.0,100.0,100.0
2022/09/23,289.999628,1551.865,0.0,100.0,100.0
2022/09/24,127.624691,1231.004,0.0,100.0,100.0
2022/09/25,204.354542,1587.799,0.0,100.0,100.0
2022/09/26,220.093698,1661.35,0.0,100.0,100.0
2022/09/27,269.146733,1652.659,0.0,100.0,100.0
2022/09/28,140.955264,1696.019,0.0,100.0,100.0
2022/09/29,180.695323,1730.315,0.0,100.0,100.0
2022/09/30,230.279212,1554.781,0.0,100.0,100.0
2022/10/01,103.088733,1166.733,0.0,100.0,100.0
2022/10/02,122.066667,1701.887,0.0,100.0,100.0
2022/10/03,140.266031,1645.954,0.0,100.0,100.0
2022/10/04,155.708358,1519.983,0.0,100.0,100.0
2022/10/05,193.70867,1555.057,0.0,100.0,100.0
2022/10/06,202.694861,1564.614,0.0,100.0,100.0
2022/10/07,86.858792,1114.508,0.0,100.0,100.0
2022/10/08,118.028424,1663.866,0.0,100.0,100.0
2022/10/09,125.304385,1279.576,0.0,100.0,100.0
2022/10/10,124.160604,1567.888,0.0,100.0,100.0
2022/10/11,68.891524,727.772,0.0,100.0,100.0
2022/10/12,251.207333,1604.146,0.0,100.0,100.0
2022/10/13,148.549316,1439.6,0.0,100.0,100.0
2022/10/14,199.419747,1503.873,0.0,100.0,100.0
2022/10/15,77.923719,678.117,0.0,100.0,100.0
2022/10/16,127.782205,1720.375,0.0,100.0,100.0
2022/10/17,152.034951,1430.899,0.0,100.0,100.0
2022/10/18,152.042951,1767.569,0.0,100.0,100.0
2022/10/19,104.691406,997.305,0.0,100.0,100.0
2022/10/20,94.945708,1577.084,0.0,100.0,100.0
2022/10/21,85.587816,1103.125,0.0,100.0,100.0
2022/10/22,108.185118,945.266,0.0,100.0,100.0
2022/10/23,180.326399,1557.676,0.0,100.0,100.0
2022/10/24,155.281455,1682.158,0.0,100.0,100.0
2022/10/25,104.235108,880.434,0.0,100.0,100.0
2022/10/26,96.128712,647.451,0.0,100.0,100.0
2022/10/27,89.232524,995.754,0.0,99.3,100.0
2022/10/28,128.416667,1022.0,0.0,100.0,100.0
2022/10/29,322.5625,1166.0,0.0,100.0,100.0
2022/10/30,329.454861,1180.0,0.0,100.0,100.0
2022/10/31,206.600694,1400.0,0.0,100.0,100.0
2022/11/01,193.795139,1400.0,0.0,100.0,100.0
2022/11/02,78.725694,807.0,0.0,100.0,100.0
2022/11/03,172.541153,1586.977,0.0,100.0,100.0
2022/11/04,220.837142,1557.29,0.0,100.0,100.0
2022/11/05,157.059118,1475.088,0.0,100.0,100.0
2022/11/06,250.814122,1422.456,0.0,100.0,100.0
2022/11/07,231.149972,1517.737,0.0,100.0,100.0
2022/11/08,92.584302,1158.372,0.0,100.0,100.0
2022/11/09,152.73884,1658.188,0.0,100.0,100.0
2022/11/10,111.454937,1149.317,0.0,100.0,100.0
2022/11/11,123.457229,1225.55,0.0,100.0,100.0
2022/11/12,102.579903,1426.91,0.0,100.0,100.0
2022/11/13,120.754844,1338.61,0.0,100.0,100.0
2022/11/14,166.093253,1490.52,0.0,100.0,100.0
2022/11/15,73.321906,786.632,0.0,100.0,100.0
2022/11/16,74.924785,1019.969,0.0,100.0,100.0
2022/11/17,68.545635,508.93,0.0,100.0,100.0
2022/11/18,118.214406,1290.371,0.0,100.0,100.0
2022/11/19,208.055524,1486.213,0.0,100.0,100.0
2022/11/20,107.079375,1272.598,0.0,100.0,100.0
2022/11/21,85.694899,1077.257,0.0,100.0,100.0
2022/11/22,256.180483,1698.2,0.0,100.0,100.0
2022/11/23,243.498521,1364.894,0.0,100.0,100.0
2022/11/24,189.441333,1535.284,0.0,100.0,100.0
2022/11/25,90.726434,1454.023,0.0,100.0,100.0
2022/11/26,102.124903,1275.574,0.0,100.0,100.0
2022/11/27,139.21125,1411.092,0.0,100.0,100.0
2022/11/28,64.341156,1030.611,0.0,100.0,100.0
2022/11/29,192.220344,1440.923,0.0,100.0,100.0
2022/11/30,292.891899,1337.64,0.0,100.0,100.0
2022/12/01,325.448462,1323.083,0.0,100.0,100.0
2022/12/02,170.565201,1679.21,0.0,100.0,100.0
2022/12/03,98.019538,1380.488,0.0,100.0,100.0
2022/12/04,225.448146,1486.157,0.0,100.0,100.0
2022/12/05,139.188736,1404.827,0.0,100.0,100.0
2022/12/06,229.380167,1460.38,0.0,100.0,100.0
2022/12/07,87.541198,575.073,0.0,100.0,100.0
2022/12/08,270.706542,1421.127,0.0,100.0,100.0
2022/12/09,100.503472,1400.0,0.0,100.0,100.0
2022/12/10,123.15625,1400.0,0.0,100.0,100.0
2022/12/11,84.833333,1178.0,0.0,100.0,100.0
2022/12/12,248.128507,1400.0,0.0,100.0,100.0
2022/12/13,135.834,1442.736,0.0,100.0,100.0
2022/12/14,70.698507,581.098,0.0,100.0,100.0
2022/12/15,55.541476,384.606,0.0,100.0,100.0
2022/12/16,97.169687,1292.386,0.0,100.0,100.0
2022/12/17,146.756944,1378.0,0.0,100.0,100.0
2022/12/18,145.034722,1400.0,0.0,100.0,100.0
2022/12/19,267.697917,1400.0,0.0,100.0,100.0
2022/12/20,167.534722,1400.0,0.0,100.0,100.0
2022/12/21,179.402778,1400.0,0.0,100.0,100.0
2022/12/22,231.427083,1400.0,0.0,100.0,100.0
2022/12/23,217.520833,1400.0,0.0,100.0,100.0
2022/12/24,213.118056,1400.0,0.0,100.0,100.0
2022/12/25,169.135417,1400.0,0.0,100.0,100.0
2022/12/26,101.180556,1118.0,0.0,100.0,100.0
2022/12/27,211.583333,1400.0,0.0,100.0,100.0
2022/12/28,269.725695,1327.0,0.0,100.0,100.0
2022/12/29,299.600695,1307.0,0.0,100.0,100.0
2022/12/30,139.920139,1400.0,0.0,100.0,100.0
2022/12/31,77.458333,456.0,0.0,100.0,100.0
2023/01/01,103.454861,1230.0,0.0,100.0,100.0
2023/01/02,76.097222,450.0,0.0,100.0,100.0
2023/01/03,153.649306,1204.0,0.0,100.0,100.0
2023/01/04,189.402778,1400.0,0.0,100.0,100.0
2023/01/05,77.774306,1388.0,0.0,100.0,100.0
2023/01/06,127.038194,1400.0,0.0,100.0,100.0
2023/01/07,69.256944,395.0,0.0,100.0,100.0
2023/01/08,114.534722,1102.0,0.0,100.0,100.0
2023/01/09,120.725694,1400.0,0.0,100.0,100.0
2023/01/10,73.079861,827.0,0.0,100.0,100.0
2023/01/11,103.079861,1342.0,0.0,100.0,100.0
2023/01/12,124.34375,1400.0,0.0,100.0,100.0
2023/01/13,117.8125,1400.0,0.0,100.0,100.0
2023/01/14,80.392361,1328.0,0.0,100.0,100.0
2023/01/15,133.006944,722.0,0.0,100.0,100.0
2023/01/16,160.375,1400.0,0.0,100.0,100.0
2023/01/17,124.798611,1390.0,0.0,100.0,100.0
2023/01/18,119.381944,1400.0,0.0,100.0,100.0
2023/01/19,86.409722,1265.0,0.0,100.0,100.0
2023/01/20,121.0625,1400.0,0.0,100.0,100.0
2023/01/21,123.982639,1400.0,0.0,100.0,100.0
2023/01/22,113.635417,1398.0,0.0,100.0,100.0
2023/01/23,94.508062,1400.0,0.0,100.0,100.0
2023/01/24,53.142958,434.329,0.0,100.0,100.0
2023/01/25,98.288194,1179.0,0.0,100.0,100.0
2023/01/26,245.934028,1400.0,0.0,100.0,100.0
2023/01/27,324.100694,1244.0,0.0,100.0,100.0
2023/01/28,340.225694,1165.0,0.0,100.0,100.0
2023/01/29,315.260417,1380.0,0.0,100.0,100.0
2023/01/30,243.888889,1400.0,0.0,100.0,100.0
2023/01/31,102.496528,1344.0,0.0,100.0,100.0
2023/02/01,102.850695,1400.0,0.0,100.0,100.0
2023/02/02,210.753472,1400.0,0.0,100.0,100.0
2023/02/03,297.388889,1311.0,0.0,100.0,100.0
2023/02/04,257.072917,1400.0,0.0,100.0,100.0
2023/02/05,94.170139,1400.0,0.0,100.0,100.0
2023/02/06,95.75,1230.0,0.0,100.0,100.0
2023/02/07,105.930556,1400.0,0.0,100.0,100.0
2023/02/08,150.53125,1400.0,0.0,100.0,100.0
2023/02/09,134.895833,1400.0,0.0,100.0,100.0
2023/02/10,64.84375,407.0,0.0,100.0,100.0
2023/02/11,95.475694,1400.0,0.0,100.0,100.0
2023/02/12,68.635417,816.0,0.0,100.0,100.0
2023/02/13,64.184028,443.0,0.0,100.0,100.0
2023/02/14,97.104167,1400.0,0.0,100.0,100.0
2023/02/15,92.774306,1400.0,0.0,100.0,100.0
2023/02/16,130.927083,1400.0,0.0,100.0,100.0
2023/02/17,95.161233,1400.0,0.0,100.0,100.0
2023/02/18,125.111111,1400.0,0.0,100.0,100.0
2023/02/19,125.027778,1400.0,0.0,100.0,100.0
2023/02/20,143.284722,1400.0,0.0,100.0,100.0
2023/02/21,97.597222,871.0,0.0,100.0,100.0
2023/02/22,83.555556,1254.0,0.0,100.0,100.0
2023/02/23,77.940972,1018.0,0.0,100.0,100.0
2023/02/24,223.881944,1400.0,0.0,100.0,100.0
2023/02/25,339.381944,1363.0,0.0,100.0,100.0
2023/02/26,269.434028,1400.0,0.0,100.0,100.0
2023/02/27,112.270833,1400.0,0.0,100.0,100.0
2023/02/28,90.0625,1400.0,0.0,100.0,100.0
2023/03/01,109.0625,1359.0,0.0,100.0,100.0
2023/03/02,128.003472,1400.0,0.0,100.0,100.0
2023/03/03,100.392361,1093.0,0.0,100.0,100.0
2023/03/04,87.493056,721.0,0.0,100.0,100.0
2023/03/05,84.027778,747.0,0.0,100.0,100.0
2023/03/06,107.857639,1101.0,0.0,100.0,100.0
2023/03/07,75.322917,1190.0,0.0,100.0,100.0
2023/03/08,107.545139,1400.0,0.0,100.0,100.0
2023/03/09,74.270833,865.0,0.0,100.0,100.0
2023/03/10,98.15625,1273.0,0.0,100.0,100.0
2023/03/11,63.659722,271.0,0.0,100.0,100.0
2023/03/12,101.291667,1400.0,0.0,100.0,100.0
2023/03/13,151.090278,1400.0,0.0,100.0,100.0
2023/03/14,76.423611,662.0,0.0,100.0,100.0
2023/03/15,184.635417,1400.0,0.0,100.0,100.0
2023/03/16,240.732639,1400.0,0.0,100.0,100.0
2023/03/17,250.159722,1400.0,0.0,100.0,100.0
2023/03/18,154.263889,1136.0,0.0,100.0,100.0
2023/03/19,87.003472,696.0,0.0,100.0,100.0
2023/03/20,227.399306,1400.0,0.0,100.0,100.0
2023/03/21,108.40625,1371.0,0.0,100.0,100.0
2023/03/22,144.607639,1400.0,0.0,100.0,100.0
2023/03/23,151.774306,1400.0,0.0,100.0,100.0
2023/03/24,53.979167,532.0,0.0,100.0,100.0
2023/03/25,139.84375,1400.0,0.0,100.0,100.0
2023/03/26,111.868056,1380.0,0.0,100.0,100.0
2023/03/27,135.899306,1400.0,0.0,100.0,100.0
2023/03/28,130.3125,1400.0,0.0,100.0,100.0
2023/03/29,109.965278,1246.0,0.0,100.0,100.0
2023/03/30,79.645833,1327.0,0.0,100.0,100.0
2023/03/31,51.361111,390.0,0.0,100.0,100.0
2023/04/01,93.263889,988.0,0.0,100.0,100.0
2023/04/02,167.1875,1400.0,0.0,100.0,100.0
2023/04/03,246.583333,1400.0,0.0,100.0,100.0
2023/04/04,201.5625,1400.0,0.0,100.0,100.0
2023/04/05,72.072917,570.0,0.0,100.0,100.0
2023/04/06,113.798611,1327.0,0.0,100.0,100.0
2023/04/07,106.479167,790.0,0.0,100.0,100.0
2023/04/08,73.493056,913.0,0.0,100.0,100.0
2023/04/09,150.208333,1400.0,0.0,100.0,100.0
2023/04/10,275.517361,1400.0,0.0,100.0,100.0
2023/04/11,214.621528,1400.0,0.0,100.0,100.0
2023/04/12,147.065972,1400.0,0.0,100.0,100.0
2023/04/13,123.847222,1400.0,0.0,100.0,100.0
2023/04/14,112.944444,1400.0,0.0,100.0,100.0
2023/04/15,123.246528,1400.0,0.0,100.0,100.0
2023/04/16,174.815972,1242.0,0.0,100.0,100.0
2023/04/17,112.295139,940.0,0.0,100.0,100.0
2023/04/18,207.6875,1317.0,0.0,100.0,100.0
2023/04/19,83.065972,564.0,0.0,100.0,100.0
2023/04/20,90.659722,642.0,0.0,100.0,100.0
2023/04/21,141.378472,1400.0,0.0,100.0,100.0
2023/04/22,109.84375,1255.0,0.0,100.0,100.0
2023/04/23,64.875,316.0,0.0,100.0,100.0
2023/04/24,222.895833,1400.0,0.0,100.0,100.0
2023/04/25,119.135417,1400.0,0.0,100.0,100.0
2023/04/26,117.319444,1082.0,0.0,100.0,100.0
2023/04/27,109.579861,1197.0,0.0,100.0,100.0
2023/04/28,209.135417,1400.0,0.0,100.0,100.0
2023/04/29,151.475694,1400.0,0.0,100.0,100.0
2023/04/30,84.621528,859.0,0.0,100.0,100.0
2023/05/01,52.496528,432.0,0.0,100.0,100.0
2023/05/02,119.649306,1400.0,0.0,100.0,100.0
2023/05/03,90.927083,1378.0,0.0,100.0,100.0
2023/05/04,106.572917,1400.0,0.0,100.0,100.0
2023/05/05,85.079861,1260.0,0.0,100.0,100.0
2023/05/06,148.253472,1201.0,0.0,100.0,100.0
2023/05/07,221.319445,1400.0,0.0,100.0,100.0
2023/05/08,202.458333,1400.0,0.0,100.0,100.0
2023/05/09,87.118056,522.0,0.0,100.0,100.0
2023/05/10,189.059028,1400.0,0.0,100.0,100.0
2023/05/11,173.670139,1400.0,0.0,100.0,100.0
2023/05/12,120.708333,1400.0,0.0,100.0,100.0
2023/05/13,141.121528,1400.0,0.0,100.0,100.0
2023/05/14,54.125,448.0,0.0,100.0,100.0
2023/05/15,111.576389,1376.0,0.0,100.0,100.0
2023/05/16,129.125,1400.0,0.0,100.0,100.0
2023/05/17,245.423611,1400.0,0.0,100.0,100.0
2023/05/18,122.805556,1069.0,0.0,100.0,100.0
2023/05/19,110.784722,1333.0,0.0,100.0,100.0
2023/05/20,83.326389,926.0,0.0,100.0,100.0
2023/05/21,137.253472,1400.0,0.0,100.0,100.0
2023/05/22,170.298611,1348.0,0.0,100.0,100.0
2023/05/23,68.809028,265.0,0.0,100.0,100.0
2023/05/24,191.892361,1400.0,0.0,100.0,100.0
2023/05/25,148.211111,1226.0,0.0,99.3,100.0
2023/05/26,139.586806,1400.0,0.0,100.0,100.0
2023/05/27,175.90625,1400.0,0.0,100.0,100.0
2023/05/28,75.340278,1400.0,0.0,100.0,100.0
2023/05/29,184.326389,1400.0,0.0,100.0,100.0
2023/05/30,182.489583,1400.0,0.0,100.0,100.0
2023/05/31,57.958333,358.0,0.0,100.0,100.0
2023/06/01,52.482639,338.0,0.0,100.0,100.0
2023/06/02,97.815972,1126.0,0.0,100.0,100.0
2023/06/03,217.84375,1400.0,0.0,100.0,100.0
2023/06/04,131.583993,1400.0,0.0,100.0,100.0
2023/06/05,97.568417,858.918,0.0,100.0,100.0
2023/06/06,86.032979,1021.63,0.0,100.0,100.0
2023/06/07,81.322326,931.41,0.0,100.0,100.0
2023/06/08,106.548594,1289.966,0.0,100.0,100.0
2023/06/09,67.962622,579.42,0.0,100.0,100.0
2023/06/10,91.534076,842.054,0.0,100.0,100.0
2023/06/11,124.564215,1246.532,0.0,100.0,100.0
2023/06/12,172.221285,1400.0,0.0,100.0,100.0
2023/06/13,146.288708,1387.429,0.0,100.0,100.0
2023/06/14,77.730007,1011.127,0.0,100.0,100.0
2023/06/15,69.285542,1335.594,0.0,100.0,100.0
2023/06/16,86.617132,1047.011,0.0,100.0,100.0
2023/06/17,106.013622,1280.107,0.0,100.0,100.0
2023/06/18,184.490358,1400.0,0.0,100.0,100.0
2023/06/19,289.501792,1260.325,0.0,100.0,100.0
2023/06/20,217.093917,1400.0,0.0,100.0,100.0
2023/06/21,123.026236,1303.802,0.0,100.0,100.0
2023/06/22,155.555733,1400.0,0.0,100.0,100.0
2023/06/23,79.482639,1148.0,0.0,100.0,100.0
2023/06/24,113.746528,1156.0,0.0,100.0,100.0
2023/06/25,93.864583,1088.0,0.0,100.0,100.0
2023/06/26,77.114583,782.0,0.0,100.0,100.0
2023/06/27,89.399306,1331.0,0.0,100.0,100.0
2023/06/28,143.232639,1249.0,0.0,100.0,100.0
2023/06/29,94.135417,1400.0,0.0,100.0,100.0
2023/06/30,39.545139,253.0,0.0,100.0,100.0
2023/07/01,154.486111,1321.0,0.0,100.0,100.0
2023/07/02,138.96875,1400.0,0.0,100.0,100.0
2023/07/03,116.065972,1247.0,0.0,100.0,100.0
2023/07/04,191.722222,1400.0,0.0,100.0,100.0
2023/07/05,190.364583,1400.0,0.0,100.0,100.0
2023/07/06,147.704861,1400.0,0.0,100.0,100.0
2023/07/07,150.170139,1400.0,0.0,100.0,100.0
2023/07/08,116.545139,1400.0,0.0,100.0,100.0
2023/07/09,61.822917,588.0,0.0,100.0,100.0
2023/07/10,80.173611,1097.0,0.0,100.0,100.0
2023/07/11,52.201389,894.0,0.0,100.0,100.0
2023/07/12,69.930556,1040.0,0.0,100.0,100.0
2023/07/13,99.465278,1347.0,0.0,100.0,100.0
2023/07/14,67.659722,723.0,0.0,100.0,100.0
2023/07/15,86.142361,828.0,0.0,100.0,100.0
2023/07/16,62.277778,686.0,0.0,100.0,100.0
2023/07/17,67.753472,437.0,0.0,100.0,100.0
2023/07/18,100.131944,1400.0,0.0,100.0,100.0
2023/07/19,94.020833,1167.0,0.0,100.0,100.0
2023/07/20,89.90625,1313.0,0.0,100.0,100.0
2023/07/21,93.267361,779.0,0.0,100.0,100.0
2023/07/22,90.180556,1291.0,0.0,100.0,100.0
2023/07/23,82.152778,1032.0,0.0,100.0,100.0
2023/07/24,97.736111,1168.0,0.0,100.0,100.0
2023/07/25,210.163194,1400.0,0.0,100.0,100.0
2023/07/26,226.649306,1400.0,0.0,100.0,100.0
2023/07/27,200.579861,1400.0,0.0,100.0,100.0
2023/07/28,102.354167,1400.0,0.0,100.0,100.0
2023/07/29,78.805556,579.0,0.0,100.0,100.0
2023/07/30,82.548611,712.0,0.0,100.0,100.0
2023/07/31,62.121528,372.0,0.0,100.0,100.0
2023/08/01,55.59375,452.0,0.0,100.0,100.0
2023/08/02,136.736111,1400.0,0.0,100.0,100.0
2023/08/03,203.069444,1400.0,0.0,100.0,100.0
2023/08/04,146.631944,1381.0,0.0,100.0,100.0
2023/08/05,92.180556,1400.0,0.0,100.0,100.0
2023/08/06,119.482639,1183.0,0.0,100.0,100.0
2023/08/07,66.829861,778.0,0.0,100.0,100.0
2023/08/08,54.069445,497.0,0.0,100.0,100.0
2023/08/09,29.246528,343.0,0.0,100.0,100.0
2023/08/10,220.545139,1400.0,0.0,100.0,100.0
2023/08/11,104.725694,1151.0,0.0,100.0,100.0
2023/08/12,136.972222,1151.0,0.0,100.0,100.0
2023/08/13,126.454861,1321.0,0.0,100.0,100.0
2023/08/14,155.184028,1400.0,0.0,100.0,100.0
2023/08/15,178.267361,1400.0,0.0,100.0,100.0
2023/08/16,246.902778,1400.0,0.0,100.0,100.0
2023/08/17,233.204861,1400.0,0.0,100.0,100.0
2023/08/18,307.100694,1400.0,0.0,100.0,100.0
2023/08/19,282.902778,1400.0,0.0,100.0,100.0
2023/08/20,132.864583,1312.0,0.0,100.0,100.0
2023/08/21,82.107639,1187.0,0.0,100.0,100.0
2023/08/22,63.510417,567.0,0.0,100.0,100.0
2023/08/23,244.819444,1400.0,0.0,100.0,100.0
2023/08/24,83.791667,966.0,0.0,100.0,100.0
2023/08/25,87.371528,1276.0,0.0,100.0,100.0
2023/08/26,318.972222,1264.0,0.0,100.0,100.0
2023/08/27,264.444444,1400.0,0.0,100.0,100.0
2023/08/28,43.059028,288.0,0.0,100.0,100.0
2023/08/29,130.739583,1400.0,0.0,100.0,100.0
2023/08/30,329.170139,1293.0,0.0,100.0,100.0
2023/08/31,137.59375,1400.0,0.0,100.0,100.0
2023/09/01,170.340278,1400.0,0.0,100.0,100.0
2023/09/02,230.541667,1400.0,0.0,100.0,100.0
2023/09/03,188.263889,1400.0,0.0,100.0,100.0
2023/09/04,81.333333,1127.0,0.0,100.0,100.0
2023/09/05,74.579861,934.0,0.0,100.0,100.0
2023/09/06,348.836806,1400.0,0.0,100.0,100.0
2023/09/07,270.934028,1400.0,0.0,100.0,100.0
2023/09/08,345.444444,1204.0,0.0,100.0,100.0
2023/09/09,77.850694,1014.0,0.0,100.0,100.0
2023/09/10,51.864583,455.0,0.0,100.0,100.0
2023/09/11,128.163194,1400.0,0.0,100.0,100.0
2023/09/12,318.958333,1400.0,0.0,100.0,100.0
2023/09/13,207.333333,1400.0,0.0,100.0,100.0
2023/09/14,134.392361,1400.0,0.0,100.0,100.0
2023/09/15,80.753472,1204.0,0.0,100.0,100.0
2023/09/16,127.0625,1400.0,0.0,100.0,100.0
2023/09/17,222.513889,1400.0,0.0,100.0,100.0
2023/09/18,60.763889,1193.0,0.0,100.0,100.0
2023/09/19,71.28125,1400.0,0.0,100.0,100.0
2023/09/20,68.802083,804.0,0.0,100.0,100.0
2023/09/21,162.982639,1293.0,0.0,100.0,100.0
2023/09/22,209.961806,1400.0,0.0,100.0,100.0
2023/09/23,264.447917,1400.0,0.0,100.0,100.0
2023/09/24,94.690972,913.0,0.0,100.0,100.0
2023/09/25,133.472222,1400.0,0.0,100.0,100.0
2023/09/26,239.888889,1400.0,0.0,100.0,100.0
2023/09/27,329.131945,1400.0,0.0,100.0,100.0
2023/09/28,199.881944,1400.0,0.0,100.0,100.0
2023/09/29,130.173611,1400.0,0.0,100.0,100.0
2023/09/30,111.8125,1400.0,0.0,100.0,100.0
2023/10/01,83.236111,1001.0,0.0,100.0,100.0
2023/10/02,210.864583,1400.0,0.0,100.0,100.0
2023/10/03,253.996528,1400.0,0.0,100.0,100.0
2023/10/04,317.611111,1260.0,0.0,100.0,100.0
2023/10/05,154.451389,1297.0,0.0,100.0,100.0
2023/10/06,234.388889,1400.0,0.0,100.0,100.0
2023/10/07,193.25,1361.0,0.0,100.0,100.0
2023/10/08,96.305556,1142.0,0.0,100.0,100.0
2023/10/09,161.295139,1400.0,0.0,100.0,100.0
2023/10/10,81.368056,1400.0,0.0,100.0,100.0
2023/10/11,202.298611,1400.0,0.0,100.0,100.0
2023/10/12,253.309028,1400.0,0.0,100.0,100.0
2023/10/13,222.506945,1400.0,0.0,100.0,100.0
2023/10/14,54.270833,356.0,0.0,100.0,100.0
2023/10/15,174.46875,1400.0,0.0,100.0,100.0
2023/10/16,121.381945,1400.0,0.0,100.0,100.0
2023/10/17,213.517361,1400.0,0.0,100.0,100.0
2023/10/18,118.513889,850.0,0.0,100.0,100.0
2023/10/19,191.920139,1400.0,0.0,100.0,100.0
2023/10/20,71.041667,1139.0,0.0,100.0,100.0
2023/10/21,195.430556,1400.0,0.0,100.0,100.0
2023/10/22,287.100694,1400.0,0.0,100.0,100.0
2023/10/23,206.631945,1400.0,0.0,100.0,100.0
2023/10/24,252.590278,1400.0,0.0,100.0,100.0
2023/10/25,188.975694,1400.0,0.0,100.0,100.0
2023/10/26,79.3125,1400.0,0.0,100.0,100.0
2023/10/27,119.479167,1400.0,0.0,100.0,100.0
2023/10/28,86.013889,1184.0,0.0,100.0,100.0
2023/10/29,146.878472,1134.0,0.0,100.0,100.0
2023/10/30,125.763889,1106.0,0.0,100.0,100.0
2023/10/31,130.9375,1201.0,0.0,100.0,100.0
2023/11/01,203.107639,1400.0,0.0,100.0,100.0
2023/11/02,272.135417,1400.0,0.0,100.0,100.0
2023/11/03,142.972222,1400.0,0.0,100.0,100.0
2023/11/04,58.524306,480.0,0.0,100.0,100.0
2023/11/05,160.597222,1400.0,0.0,100.0,100.0
2023/11/06,119.802083,1400.0,0.0,100.0,100.0
2023/11/07,118.517361,1400.0,0.0,100.0,100.0
2023/11/08,231.229167,1400.0,0.0,100.0,100.0
2023/11/09,149.25,1400.0,0.0,100.0,100.0
2023/11/10,137.347222,1400.0,0.0,100.0,100.0
2023/11/11,148.5625,1400.0,0.0,100.0,100.0
2023/11/12,181.302083,1400.0,0.0,100.0,100.0
2023/11/13,123.774306,1400.0,0.0,100.0,100.0
2023/11/14,136.795139,1400.0,0.0,100.0,100.0
2023/11/15,96.6875,1021.0,0.0,100.0,100.0
2023/11/16,128.427083,1394.0,0.0,100.0,100.0
2023/11/17,208.496528,1400.0,0.0,100.0,100.0
2023/11/18,298.3125,1155.0,0.0,100.0,100.0
2023/11/19,207.861111,1371.0,0.0,100.0,100.0
2023/11/20,248.975694,1400.0,0.0,100.0,100.0
2023/11/21,93.875,506.0,0.0,100.0,100.0
2023/11/22,164.878472,1400.0,0.0,100.0,100.0
2023/11/23,194.861111,1400.0,0.0,100.0,100.0
2023/11/24,73.28125,533.0,0.0,100.0,100.0
2023/11/25,92.114583,1262.0,0.0,100.0,100.0
2023/11/26,116.840278,1400.0,0.0,100.0,100.0
2023/11/27,92.642361,843.0,0.0,100.0,100.0
2023/11/28,71.923611,1063.0,0.0,100.0,100.0
2023/11/29,95.270833,908.0,0.0,100.0,100.0
2023/11/30,110.256944,1048.0,0.0,100.0,100.0
2023/12/01,63.864583,563.0,0.0,100.0,100.0
2023/12/02,164.159722,1400.0,0.0,100.0,100.0
2023/12/03,309.111111,1400.0,0.0,100.0,100.0
2023/12/04,160.309028,1400.0,0.0,100.0,100.0
2023/12/05,115.378472,1400.0,0.0,100.0,100.0
2023/12/06,65.621528,344.0,0.0,100.0,100.0
2023/12/07,97.989583,716.0,0.0,100.0,100.0
2023/12/08,73.027778,733.0,0.0,100.0,100.0
2023/12/09,82.864583,1249.0,0.0,100.0,100.0
2023/12/10,100.25,1336.0,0.0,100.0,100.0
2023/12/11,112.197917,1232.0,0.0,100.0,100.0
2023/12/12,77.163194,869.0,0.0,100.0,100.0
2023/12/13,64.027778,522.0,0.0,100.0,100.0
2023/12/14,123.520833,1400.0,0.0,100.0,100.0
2023/12/15,142.479167,1400.0,0.0,100.0,100.0
2023/12/16,104.763889,1400.0,0.0,100.0,100.0
2023/12/17,94.611111,830.0,0.0,100.0,100.0
2023/12/18,125.5625,1400.0,0.0,100.0,100.0
2023/12/19,248.71875,1400.0,0.0,100.0,100.0
2023/12/20,156.885417,1400.0,0.0,100.0,100.0
2023/12/21,165.996528,1400.0,0.0,100.0,100.0
2023/12/22,125.322917,1400.0,0.0,100.0,100.0
2023/12/23,73.71875,529.0,0.0,100.0,100.0
2023/12/24,88.145833,604.0,0.0,100.0,100.0
2023/12/25,113.15625,1313.0,0.0,100.0,100.0
2023/12/26,150.149306,1400.0,0.0,100.0,100.0
2023/12/27,115.965278,1389.0,0.0,100.0,100.0
2023/12/28,131.854167,1400.0,0.0,100.0,100.0
2023/12/29,166.71875,1400.0,0.0,100.0,100.0
2023/12/30,191.607639,1400.0,0.0,100.0,100.0
2023/12/31,92.875,1087.0,0.0,100.0,100.0
2024/01/01,159.041667,1400.0,0.0,100.0,100.0
2024/01/02,93.541667,450.0,0.0,100.0,100.0
2024/01/03,66.75,1400.0,0.0,100.0,100.0
2024/01/04,137.006944,1289.0,0.0,100.0,100.0
2024/01/05,196.659722,1400.0,0.0,100.0,100.0
2024/01/06,238.395833,1400.0,0.0,100.0,100.0
2024/01/07,78.756945,1400.0,0.0,100.0,100.0
2024/01/08,98.71875,1298.0,0.0,100.0,100.0
2024/01/09,116.503472,1347.0,0.0,100.0,100.0
2024/01/10,89.142361,1400.0,0.0,100.0,100.0
2024/01/11,129.871528,1400.0,0.0,100.0,100.0
2024/01/12,106.378472,1203.0,0.0,100.0,100.0
2024/01/13,177.961806,1400.0,0.0,100.0,100.0
2024/01/14,259.805555,1400.0,0.0,100.0,100.0
2024/01/15,42.225694,570.0,0.0,100.0,100.0
2024/01/16,55.607639,1400.0,0.0,100.0,100.0
2024/01/17,28.788194,216.0,0.0,100.0,100.0
2024/01/18,47.708333,451.0,0.0,100.0,100.0
2024/01/19,53.6875,825.0,0.0,100.0,100.0
2024/01/20,60.131944,623.0,0.0,100.0,100.0
2024/01/21,74.388889,779.0,0.0,100.0,100.0
2024/01/22,75.569444,803.0,0.0,100.0,100.0
2024/01/23,126.392361,1400.0,0.0,100.0,100.0
2024/01/24,332.861111,1230.0,0.0,100.0,100.0
2024/01/25,342.614583,1136.0,0.0,100.0,100.0
2024/01/26,342.822917,1142.0,0.0,100.0,100.0
2024/01/27,302.822917,1325.0,0.0,100.0,100.0
2024/01/28,235.944444,1400.0,0.0,100.0,100.0
2024/01/29,243.055556,1400.0,0.0,100.0,100.0
2024/01/30,323.715278,1369.0,0.0,100.0,100.0
2024/01/31,220.972222,1400.0,0.0,100.0,100.0
2024/02/01,116.649306,1334.0,0.0,100.0,100.0
2024/02/02,220.850694,1400.0,0.0,100.0,100.0
2024/02/03,121.048611,1400.0,0.0,100.0,100.0
2024/02/04,161.899306,1400.0,0.0,100.0,100.0
2024/02/05,102.392361,1039.0,0.0,100.0,100.0
2024/02/06,178.340278,1400.0,0.0,100.0,100.0
2024/02/07,161.270833,1400.0,0.0,100.0,100.0
2024/02/08,194.319444,1400.0,0.0,100.0,100.0
2024/02/09,91.583333,882.0,0.0,100.0,100.0
2024/02/10,87.163195,722.0,0.0,100.0,100.0
2024/02/11,120.038194,1400.0,0.0,100.0,100.0
2024/02/12,151.791667,1400.0,0.0,100.0,100.0
2024/02/13,109.291667,1400.0,0.0,100.0,100.0
2024/02/14,62.34375,586.0,0.0,100.0,100.0
2024/02/15,74.513889,632.0,0.0,100.0,100.0
2024/02/16,106.961806,1400.0,0.0,100.0,100.0
2024/02/17,87.729167,1400.0,0.0,100.0,100.0
2024/02/18,143.552083,1282.0,0.0,100.0,100.0
2024/02/19,140.916667,1400.0,0.0,100.0,100.0
2024/02/20,178.534722,1234.0,0.0,100.0,100.0
2024/02/21,86.798611,800.0,0.0,100.0,100.0
2024/02/22,176.711635,1400.0,0.0,100.0,100.0
2024/02/23,244.09375,1400.0,0.0,100.0,100.0
2024/02/24,100.045139,1400.0,0.0,100.0,100.0
2024/02/25,104.885417,1400.0,0.0,100.0,100.0
2024/02/26,86.652778,893.0,0.0,100.0,100.0
2024/02/27,157.475694,1400.0,0.0,100.0,100.0
2024/02/28,147.253472,1379.0,0.0,100.0,100.0
2024/02/29,97.649306,1159.0,0.0,100.0,100.0
2024/03/01,153.913194,1348.0,0.0,100.0,100.0
2024/03/02,58.736111,386.0,0.0,100.0,100.0
2024/03/03,92.788194,1400.0,0.0,100.0,100.0
2024/03/04,144.854167,1400.0,0.0,100.0,100.0
2024/03/05,98.836806,1400.0,0.0,100.0,100.0
2024/03/06,89.177083,1400.0,0.0,100.0,100.0
2024/03/07,68.708333,986.0,0.0,100.0,100.0
2024/03/08,72.392361,813.0,0.0,100.0,100.0
2024/03/09,68.684028,747.0,0.0,100.0,100.0
2024/03/10,87.756944,1079.0,0.0,100.0,100.0
2024/03/11,86.555556,1247.0,0.0,100.0,100.0
2024/03/12,81.732639,874.0,0.0,100.0,100.0
2024/03/13,67.121528,767.0,0.0,100.0,100.0
2024/03/14,41.666667,647.0,0.0,100.0,100.0
2024/03/15,46.381944,767.0,0.0,100.0,100.0
2024/03/16,117.756944,1303.0,0.0,100.0,100.0
2024/03/17,160.479167,1400.0,0.0,100.0,100.0
2024/03/18,169.309028,1400.0,0.0,100.0,100.0
2024/03/19,92.618056,1368.0,0.0,100.0,100.0
2024/03/20,256.305556,1400.0,0.0,100.0,100.0
2024/03/21,297.371528,1400.0,0.0,100.0,100.0
2024/03/22,105.53125,1386.0,0.0,100.0,100.0
2024/03/23,90.854167,990.0,0.0,100.0,100.0
2024/03/24,138.114583,1400.0,0.0,100.0,100.0
2024/03/25,207.186728,1400.0,0.0,74.0,75.0
2024/03/27,172.197917,1400.0,0.0,100.0,100.0
2024/03/28,161.607639,1400.0,0.0,100.0,100.0
2024/03/29,75.875,830.0,0.0,100.0,100.0
2024/03/30,215.284722,1400.0,0.0,100.0,100.0
2024/03/31,172.354167,1388.0,0.0,100.0,100.0
2024/04/01,75.017361,1126.0,0.0,100.0,100.0
2024/04/02,78.916667,791.0,0.0,100.0,100.0
2024/04/03,62.232639,606.0,0.0,100.0,100.0
2024/04/04,70.100695,1400.0,0.0,100.0,100.0
2024/04/05,89.506944,1138.0,0.0,100.0,100.0
2024/04/06,98.475695,995.0,0.0,100.0,100.0
2024/04/07,88.760417,1400.0,0.0,100.0,100.0
2024/04/08,54.850695,455.0,0.0,100.0,100.0
2024/04/09,54.267361,894.0,0.0,100.0,100.0
2024/04/10,85.003472,641.0,0.0,100.0,100.0
2024/04/11,154.461806,1332.0,0.0,100.0,100.0
2024/04/12,106.965278,1400.0,0.0,100.0,100.0
2024/04/13,100.274306,969.0,0.0,100.0,100.0
2024/04/14,190.232639,1400.0,0.0,100.0,100.0
2024/04/15,215.291667,1400.0,0.0,100.0,100.0
2024/04/16,186.986111,1400.0,0.0,100.0,100.0
2024/04/17,98.878472,886.0,0.0,100.0,100.0
2024/04/18,155.385417,1400.0,0.0,100.0,100.0
2024/04/19,58.173611,270.0,0.0,100.0,100.0
2024/04/20,183.729167,1400.0,0.0,100.0,100.0
2024/04/21,157.541667,1400.0,0.0,100.0,100.0
2024/04/22,81.795139,382.0,0.0,100.0,100.0
2024/04/23,100.711806,1134.0,0.0,100.0,100.0
2024/04/24,245.28125,1400.0,0.0,100.0,100.0
2024/04/25,117.184028,1153.0,0.0,100.0,100.0
2024/04/26,291.104167,1400.0,0.0,100.0,100.0
2024/04/27,161.506944,1400.0,0.0,100.0,100.0
2024/04/28,177.423611,1400.0,0.0,100.0,100.0
2024/04/29,150.3125,1307.0,0.0,100.0,100.0
2024/04/30,120.954861,845.0,0.0,100.0,100.0
2024/05/01,148.340278,1400.0,0.0,100.0,100.0
2024/05/02,176.791667,1400.0,0.0,100.0,100.0
2024/05/03,105.638889,928.0,0.0,100.0,100.0
2024/05/04,131.128472,913.0,0.0,100.0,100.0
2024/05/05,92.489583,1048.0,0.0,100.0,100.0
2024/05/06,103.829861,1182.0,0.0,100.0,100.0
2024/05/07,95.784722,1400.0,0.0,100.0,100.0
2024/05/08,48.982639,438.0,0.0,100.0,100.0
2024/05/09,133.052083,1400.0,0.0,100.0,100.0
2024/05/10,156.340278,1400.0,0.0,100.0,100.0
2024/05/11,180.708333,1400.0,0.0,100.0,100.0
2024/05/12,263.427083,1359.0,0.0,100.0,100.0
2024/05/13,132.017361,1028.0,0.0,100.0,100.0
2024/05/14,94.767361,690.0,0.0,100.0,100.0
2024/05/15,135.659722,1400.0,0.0,100.0,100.0
2024/05/16,141.940972,1400.0,0.0,100.0,100.0
2024/05/17,78.465278,797.0,0.0,100.0,100.0
2024/05/18,105.017361,1400.0,0.0,100.0,100.0
2024/05/19,83.652778,713.0,0.0,100.0,100.0
2024/05/20,71.854167,608.0,0.0,100.0,100.0
2024/05/21,138.663194,1400.0,0.0,100.0,100.0
2024/05/22,113.03125,1224.0,0.0,100.0,100.0
2024/05/23,107.256944,1400.0,0.0,100.0,100.0
2024/05/24,99.402778,1400.0,0.0,100.0,100.0
2024/05/25,107.993056,1400.0,0.0,100.0,100.0
2024/05/26,184.753472,1400.0,0.0,100.0,100.0
2024/05/27,188.631944,1400.0,0.0,100.0,100.0
2024/05/28,123.555556,1352.0,0.0,100.0,100.0
2024/05/29,136.131944,1324.0,0.0,100.0,100.0
2024/05/30,172.975695,1400.0,0.0,100.0,100.0
2024/05/31,109.746528,1045.0,0.0,100.0,100.0
2024/06/01,185.381944,1400.0,0.0,100.0,100.0
2024/06/02,293.444444,1055.0,0.0,100.0,100.0
2024/06/03,181.034722,1400.0,0.0,100.0,100.0
2024/06/04,78.294297,594.0,0.0,98.6,100.0
2024/06/05,76.194444,449.0,0.0,100.0,100.0
2024/06/06,90.628472,875.0,0.0,100.0,100.0
2024/06/07,88.15625,669.0,0.0,100.0,100.0
2024/06/08,78.128472,658.0,0.0,100.0,100.0
2024/06/09,155.548611,1400.0,0.0,100.0,100.0
2024/06/10,112.607639,1206.0,0.0,100.0,100.0
2024/06/11,99.479167,1135.0,0.0,100.0,100.0
2024/06/12,107.96875,1216.0,0.0,100.0,100.0
2024/06/13,128.125,1400.0,0.0,100.0,100.0
2024/06/14,118.09375,1360.0,0.0,100.0,100.0
2024/06/15,118.503472,1172.0,0.0,100.0,100.0
2024/06/16,51.545139,455.0,0.0,100.0,100.0
2024/06/17,163.197917,1400.0,0.0,100.0,100.0
2024/06/18,214.017361,1196.0,0.0,100.0,100.0
2024/06/19,86.041667,868.0,0.0,100.0,100.0
2024/06/20,122.690972,1314.0,0.0,100.0,100.0
2024/06/21,82.607639,450.0,0.0,100.0,100.0
2024/06/22,190.875,1400.0,0.0,100.0,100.0
2024/06/23,271.409722,1396.0,0.0,100.0,100.0
2024/06/24,273.590278,1358.0,0.0,100.0,100.0
2024/06/25,105.048611,1215.0,0.0,100.0,100.0
2024/06/26,109.625,1400.0,0.0,100.0,100.0
2024/06/27,112.6875,1352.0,0.0,100.0,100.0
2024/06/28,246.100694,1400.0,0.0,100.0,100.0
2024/06/29,229.232639,1400.0,0.0,100.0,100.0
2024/06/30,95.319444,1013.0,0.0,100.0,100.0
2024/07/01,231.784722,1370.0,0.0,100.0,100.0
2024/07/02,88.846649,1400.0,0.0,100.0,100.0
2024/07/03,80.96875,433.0,0.0,100.0,100.0
2024/07/04,136.263889,1400.0,0.0,100.0,100.0
2024/07/05,129.84375,1400.0,0.0,100.0,100.0
2024/07/06,68.368056,597.0,0.0,100.0,100.0
2024/07/07,78.892361,1308.0,0.0,100.0,100.0
2024/07/08,121.496528,1400.0,0.0,100.0,100.0
2024/07/09,59.423611,401.0,0.0,100.0,100.0
2024/07/10,114.666667,1400.0,0.0,100.0,100.0
2024/07/11,112.78125,1400.0,0.0,100.0,100.0
2024/07/12,98.552083,1399.0,0.0,100.0,100.0
2024/07/13,78.559028,1058.0,0.0,100.0,100.0
2024/07/14,83.111111,1075.0,0.0,100.0,100.0
2024/07/15,207.190972,1400.0,0.0,100.0,100.0
2024/07/16,309.8125,1118.0,0.0,100.0,100.0
2024/07/17,208.913195,1400.0,0.0,100.0,100.0
2024/07/18,66.881944,1400.0,0.0,100.0,100.0
2024/07/19,71.711806,1007.0,0.0,100.0,100.0
2024/07/20,178.8125,1400.0,0.0,100.0,100.0
2024/07/21,194.635417,1400.0,0.0,100.0,100.0
2024/07/22,201.302083,1400.0,0.0,100.0,100.0
2024/07/23,127.28125,1400.0,0.0,100.0,100.0
2024/07/24,281.552083,1400.0,0.0,100.0,100.0
2024/07/25,98.697917,1008.0,0.0,100.0,100.0
2024/07/26,97.0,1125.0,0.0,100.0,100.0
2024/07/27,118.329861,1058.0,0.0,100.0,100.0
2024/07/28,157.694444,1400.0,0.0,100.0,100.0
2024/07/29,129.756944,1400.0,0.0,100.0,100.0
2024/07/30,78.548611,715.0,0.0,100.0,100.0
2024/07/31,175.579861,1400.0,0.0,100.0,100.0
2024/08/01,67.024306,317.0,0.0,100.0,100.0
2024/08/02,214.524306,1400.0,0.0,100.0,100.0
2024/08/03,289.857639,1400.0,0.0,100.0,100.0
2024/08/04,101.288194,1400.0,0.0,100.0,100.0
2024/08/05,150.996528,1400.0,0.0,100.0,100.0
2024/08/06,131.100695,1400.0,0.0,100.0,100.0
2024/08/07,263.579861,1400.0,0.0,100.0,100.0
2024/08/08,288.548611,1400.0,0.0,100.0,100.0
2024/08/09,43.045139,476.0,0.0,100.0,100.0
2024/08/10,126.392361,1283.0,0.0,100.0,100.0
2024/08/11,162.711806,1400.0,0.0,100.0,100.0
2024/08/12,78.065972,692.0,0.0,100.0,100.0
2024/08/13,194.295139,1400.0,0.0,100.0,100.0
2024/08/14,127.336806,1400.0,0.0,100.0,100.0
2024/08/15,68.003472,703.0,0.0,100.0,100.0
2024/08/16,60.840278,765.0,0.0,100.0,100.0
2024/08/17,88.770833,1400.0,0.0,100.0,100.0
2024/08/18,193.104167,1400.0,0.0,100.0,100.0
2024/09/09,70.53125,685.0,0.0,100.0,100.0
2024/09/10,350.909722,1315.0,0.0,100.0,100.0
2024/09/11,301.559028,1400.0,0.0,100.0,100.0
2024/09/12,269.472222,1400.0,0.0,100.0,100.0
2024/09/13,183.760417,1400.0,0.0,100.0,100.0
2024/09/14,323.503472,1400.0,0.0,100.0,100.0
2024/09/15,189.131944,1400.0,0.0,100.0,100.0
2024/09/16,59.114583,396.0,0.0,100.0,100.0
2024/09/17,110.666667,1218.0,0.0,100.0,100.0
2024/09/18,277.524306,1400.0,0.0,100.0,100.0
2024/09/19,60.447917,984.0,0.0,100.0,100.0
2024/09/20,148.357639,1400.0,0.0,100.0,100.0
2024/09/21,47.180556,303.0,0.0,100.0,100.0
2024/09/22,83.913194,486.0,0.0,100.0,100.0
2024/09/23,284.135417,1400.0,0.0,100.0,100.0
2024/09/24,317.833333,1400.0,0.0,100.0,100.0
2024/09/25,253.423611,1400.0,0.0,100.0,100.0
2024/09/26,330.482639,1400.0,0.0,100.0,100.0
2024/09/27,193.947917,1400.0,0.0,100.0,100.0
2024/09/28,75.444444,746.0,0.0,100.0,100.0
2024/09/29,87.520833,1119.0,0.0,100.0,100.0
2024/09/30,201.565972,1400.0,0.0,100.0,100.0
2024/10/01,255.930556,1400.0,0.0,100.0,100.0
2024/10/02,154.5,1400.0,0.0,100.0,100.0
2024/10/03,251.638889,1400.0,0.0,100.0,100.0
2024/10/04,92.461806,969.0,0.0,100.0,100.0
2024/10/05,191.642361,1400.0,0.0,100.0,100.0
2024/10/06,189.836806,1400.0,0.0,100.0,100.0
2024/10/07,217.833333,1400.0,0.0,100.0,100.0
2024/10/08,124.652778,1400.0,0.0,100.0,100.0
2024/10/09,173.493056,1400.0,0.0,100.0,100.0
2024/10/10,141.197917,1400.0,0.0,100.0,100.0
2024/10/11,108.267361,1363.0,0.0,100.0,100.0
2024/10/12,228.166667,1400.0,0.0,100.0,100.0
2024/10/13,60.951389,1400.0,0.0,100.0,100.0
2024/10/14,83.3125,1400.0,0.0,100.0,100.0
2024/10/15,176.763889,1400.0,0.0,100.0,100.0
2025/02/25,159.954861,1400.0,0.0,100.0,100.0
2025/02/26,118.572917,1257.0,0.0,100.0,100.0
2025/02/28,101.055555,955.0,0.0,100.0,100.0
2025/03/01,78.375,658.0,0.0,100.0,100.0
2025/03/02,78.020833,1275.0,0.0,100.0,100.0
2025/03/03,184.704861,1400.0,0.0,100.0,100.0
2025/03/04,111.350694,1091.0,0.0,100.0,100.0
2025/03/05,100.950758,586.0,0.0,91.7,91.7
2025/03/06,123.326389,1222.0,0.0,100.0,100.0
2025/03/07,230.920139,1400.0,0.0,100.0,100.0
2025/03/09,111.138889,877.0,0.0,100.0,100.0
2025/03/10,107.683167,1185.0,0.0,100.0,100.0
2025/03/11,71.793038,358.266,0.0,100.0,100.0
2025/03/12,286.300294,1400.0,0.0,70.8,70.8
2025/03/13,78.314736,748.57,0.0,100.0,100.0
2025/03/14,122.784382,1111.0,0.0,100.0,100.0
2025/03/15,123.53125,812.0,0.0,100.0,100.0
2025/03/16,90.767361,1400.0,0.0,100.0,100.0
2025/03/17,92.635417,919.0,0.0,100.0,100.0
2025/03/18,226.257576,1400.0,0.0,91.7,91.7
2025/03/19,256.103213,1400.0,0.0,75.0,75.0
2025/03/20,162.022917,1400.0,0.0,100.0,100.0
2025/03/21,132.982205,1400.0,0.0,100.0,100.0
2025/03/22,86.714646,1220.543,0.0,100.0,100.0
2025/03/23,62.324018,889.59,0.0,100.0,100.0
2025/03/24,79.855667,988.744,0.0,100.0,100.0
2025/03/26,123.14234,1330.746,0.0,100.0,100.0
2025/03/27,119.509677,1350.0,0.0,100.0,100.0
2025/03/28,112.892361,975.0,0.0,100.0,100.0
2025/03/29,141.809028,1400.0,0.0,100.0,100.0
2025/03/30,71.711806,624.0,0.0,100.0,100.0
2025/03/31,47.514706,801.0,0.0,70.8,70.8
2025/04/01,135.899306,1245.0,0.0,100.0,100.0
2025/04/02,183.472222,1400.0,0.0,100.0,100.0
2025/04/03,154.872549,917.0,0.0,70.8,70.8
2025/04/04,207.534722,1400.0,0.0,100.0,100.0
2025/04/05,156.270833,1400.0,0.0,100.0,100.0
2025/04/06,109.638889,1302.0,0.0,100.0,100.0
2025/04/07,184.555556,1400.0,0.0,100.0,100.0
2025/04/08,143.295139,1400.0,0.0,100.0,100.0
2025/04/09,196.456522,1400.0,0.0,95.8,95.8
2025/04/10,223.291667,1400.0,0.0,100.0,100.0
2025/04/11,70.340278,487.0,0.0,100.0,100.0
2025/04/12,25.514706,646.0,0.0,70.8,70.8
2025/04/13,105.913194,711.0,0.0,100.0,100.0
2025/04/14,118.277778,1314.0,0.0,100.0,100.0
2025/04/15,122.611111,1400.0,0.0,100.0,100.0
2025/04/16,211.930556,1400.0,0.0,100.0,100.0
2025/04/17,90.163194,1392.0,0.0,100.0,100.0
2025/04/18,118.072917,1400.0,0.0,100.0,100.0
2025/04/19,164.583333,1400.0,0.0,100.0,100.0
2025/04/20,173.260417,1400.0,0.0,100.0,100.0
2025/04/21,221.326389,1400.0,0.0,100.0,100.0
2025/04/23,244.284722,1400.0,0.0,100.0,100.0
2025/04/24,126.038194,1089.0,0.0,100.0,100.0
2025/04/25,109.947917,1400.0,0.0,100.0,100.0
2025/04/26,100.638889,1154.0,0.0,100.0,100.0
2025/04/27,108.038195,1306.0,0.0,100.0,100.0
2025/04/28,89.705882,502.0,0.0,70.8,70.8
2025/04/29,218.385417,1400.0,0.0,100.0,100.0
2025/04/30,144.524306,1400.0,0.0,100.0,100.0
2025/05/01,45.504902,321.0,0.0,70.8,70.8
2025/05/02,203.534722,1400.0,0.0,100.0,100.0
2025/05/03,126.746528,1400.0,0.0,100.0,100.0
2025/05/04,186.072917,1400.0,0.0,100.0,100.0
2025/05/05,74.763889,413.0,0.0,100.0,100.0
2025/05/06,133.125,1400.0,0.0,100.0,100.0
2025/05/07,173.696078,1400.0,0.0,70.8,70.8
2025/05/08,102.743056,738.0,0.0,100.0,100.0
2025/05/09,138.651961,1400.0,0.0,70.8,70.8
2025/05/10,66.048611,1320.0,0.0,100.0,100.0
2025/05/11,56.993056,623.0,0.0,100.0,100.0
2025/05/12,62.46875,422.0,0.0,100.0,100.0
2025/05/13,104.65625,1115.0,0.0,100.0,100.0
2025/05/14,141.055556,1400.0,0.0,100.0,100.0
2025/05/15,69.02451,677.0,0.0,70.8,70.8
2025/05/16,147.805556,1400.0,0.0,100.0,100.0
2025/05/17,123.552083,1400.0,0.0,100.0,100.0
2025/05/18,126.034722,1400.0,0.0,100.0,100.0
2025/05/19,103.013889,451.0,0.0,100.0,100.0
2025/05/20,209.135417,1400.0,0.0,100.0,100.0
